,t,px,py,vx,vy,ax,ay
0,0.10020876826722337,12.413719020702446,-2.0439974502186007,943.5543270910911,32.57885310012581,-21962.15679576489,-2285.43876856538
1,0.10438413361169101,16.162461878838105,-1.9280607035324098,852.2131035756915,22.914117209361862,-21790.289268111574,-2343.969723110556
2,0.10855949895615866,19.53131989916167,-1.852987964989673,761.5894897790946,13.004993199411349,-21618.42174045826,-2402.5006776557325
3,0.11273486430062629,22.523289364423874,-1.819799644273841,671.683485701301,2.851481070274329,-21446.554212804942,-2461.0316322009085
4,0.11691022964509393,25.141366557375452,-1.8295161510683657,582.4950913423103,-7.546419178049236,-21274.686685151624,-2519.562586746085
5,0.12108559498956158,27.38854776076718,-1.883157895056697,494.0243067021225,-18.18870754555937,-21102.81915749831,-2578.0935412912613
6,0.12526096033402923,29.267829257349767,-1.9817452859222875,406.2711317807375,-29.075384032256046,-20930.95162984499,-2636.6244958364373
7,0.12943632567849686,30.78220732987397,-2.126298733348587,319.23556657815595,-40.20644863813922,-20759.084102191675,-2695.1554503816133
8,0.1336116910229645,31.934678261090532,-2.317838647019047,232.9176110943772,-51.58190136320896,-20587.216574538357,-2753.6864049267897
9,0.13778705636743213,32.733211455089915,-2.557385436617118,150.8904530119915,-63.20174220746521,-18703.792146924447,-2812.217359471965
10,0.14196242171189977,33.20566880132147,-2.845959511826252,76.72728001358873,-75.065971170908,-16820.36771931054,-2870.7483140171416
11,0.14613778705636743,33.384885310574276,-3.1845812823299022,10.428092099168463,-87.17458825353741,-14936.943291696614,-2929.279268562318
12,0.15031315240083507,33.303695993637405,-3.5742711578115163,-48.00711073126845,-99.5275934553533,-13053.518864082702,-2987.810223107494
13,0.1544885177453027,32.994935861299915,-4.016049547954545,-98.57832847772244,-112.1249867763557,-11170.094436468793,-3046.34117765267
14,0.15866388308977034,32.4914399243509,-4.51093686244244,-141.2855611401935,-124.96676821654466,-9286.67000885488,-3104.8721321978464
15,0.16283924843423797,31.826043193579412,-5.059953510958655,-176.12880871868163,-138.05293777592016,-7403.24558124097,-3163.4030867430224
16,0.16701461377870563,31.032375423778948,-5.662093305171273,-202.53704764602205,-149.92738478043864,-5246.300864955016,-2524.4570284213137
17,0.17118997912317327,30.147245345760595,-6.308243664686884,-219.93925435504934,-159.13399855605647,-3089.3561486690764,-1885.510970099609
18,0.1753653444676409,29.20825643433986,-6.9872654110967245,-228.3354288457638,-165.6727791027736,-932.4114323831363,-1246.5649117779049
19,0.17954070981210854,28.253012164332247,-7.688019365992019,-227.72557111816533,-169.54372642059008,1224.5332839028033,-607.6188534562007
20,0.18371607515657618,27.31911601055325,-8.399366350964,-218.10968117225394,-170.74684050950592,3381.4780001887434,31.327204865503973
21,0.1878914405010438,26.444171447818384,-9.110167187603897,-199.4877590080297,-169.2821213695212,5538.422716474683,670.2732631872082
22,0.19206680584551147,25.665781950943142,-9.809282697502944,-171.85980462549236,-165.14956900063575,7695.367432760637,1309.219321508917
23,0.1962421711899791,25.012649220969895,-10.485573702252355,-141.62174248064022,-158.34918340284963,6788.664334623571,1948.1653798306215
24,0.20041753653444674,24.477867863848466,-11.127901023443368,-115.16949702947097,-148.88096457616288,5881.961236486504,2587.1114381523257
25,0.20459290187891438,24.045630711755546,-11.725125482667211,-92.50306827198469,-136.7449125205755,4975.258138349439,3226.05749647403
26,0.20876826722338201,23.700130596867822,-12.266107901515118,-73.62245620818135,-121.94102723608754,4068.5550402123736,3865.003554795735
27,0.21294363256784968,23.425560351361995,-12.73970910157831,-58.52766083806087,-104.46930872269871,3161.851942075301,4503.949613117443
28,0.2171189979123173,23.206112807414737,-13.134789904448022,-47.21868216162344,-84.32975698040948,2255.148843938235,5142.895671439147
29,0.22546972860125258,22.8693571529027,-13.644833604971918,-35.95817488979741,-36.04715380912892,441.7426476641033,6420.787788082556
30,0.22964509394572022,22.72251606267171,-13.741203010276875,-34.5111920224877,-10.551677500624761,251.36214577724854,5791.545363690952
31,0.23382045929018785,22.580057138588476,-13.736604491563178,-33.859117305018714,12.316481795805899,60.98164389039374,5162.3029392993485
32,0.23799582463465552,22.438661348712138,-13.642008057231969,-34.00195073739047,32.557324080163184,-129.39885799646237,4533.060514907739
33,0.24217118997912315,22.295009661101798,-13.468383715684393,-34.93969231960295,50.17084935244681,-319.7793598833171,3903.8180905161344
34,0.2463465553235908,22.14578304381658,-13.226701475321594,-36.67234205165616,65.15705761265696,-510.1598617701719,3274.5756661245305
35,0.25052192066805845,21.98766246491561,-12.927931344544701,-39.19989993355012,77.51594886079366,-700.540363657028,2645.3332417329216
36,0.25469728601252606,21.817328892457997,-12.583043331754874,-42.52236596528476,87.24752309685672,-890.9208655438814,2016.090817341321
37,0.2588726513569937,21.63146329450287,-12.20383640783871,-46.63974014686019,93.75617077503645,-1081.3013674307374,1101.5514205067534
38,0.26304801670146133,21.426746639109354,-11.80542539362471,-51.55202247827629,96.44628234952278,-1271.681869317591,187.01202367219798
39,0.267223382045929,21.19985989433655,-11.403754072426821,-57.25921295953319,95.31785782031571,-1462.0623712044471,-727.5273731623699
40,0.27139874739039666,20.947484028243597,-11.01476622755901,-63.76131159063082,90.37089718741525,-1652.4428730913032,-1642.066769996938
41,0.27557411273486426,20.666300008889618,-10.654405642335243,-71.05831837156909,81.60540045082153,-1842.8233749781566,-2556.6061668314933
42,0.2797494780793319,20.35298880433371,-10.33861610006947,-79.15023330234818,69.0213676105343,-2033.2038768650125,-3471.145563666061
43,0.28392484342379953,20.004231382635016,-10.083341384075657,-88.03705638296789,52.61879866655388,-2223.584378751866,-4385.684960500616
44,0.2881002087682672,19.618521957533428,-9.900781374965083,-96.41597059178201,35.087687710753194,-1789.9155272700727,-4011.7171873278603
45,0.29227557411273486,19.201607725492018,-9.788160342538323,-102.98415890714394,19.1180288350058,-1356.2466757882794,-3637.749414155105
46,0.29645093945720247,18.761049128654637,-9.738958653893283,-107.74162132905369,4.70982203931185,-922.577824306492,-3263.7816409823545
47,0.30062630480167013,18.30440660916513,-9.746656676127852,-110.68835785751128,-8.136932676329039,-488.9089728246988,-2889.813867809599
48,0.30480167014613774,17.839240609167355,-9.804734776339934,-111.82436849251673,-19.42223531191652,-55.24012134291138,-2515.846094636848
49,0.3089770354906054,17.373111570805147,-9.90667332162743,-111.14965323407,-29.146085867450896,378.428730138882,-2141.8783214640926
50,0.31315240083507306,16.913579936222373,-10.045952679088233,-108.66421208217115,-37.308484342932005,812.0975816206751,-1767.910548291337
51,0.31732776617954067,16.468206147562874,-10.216053215820246,-104.36804503682015,-43.909430738359774,1245.7664331024625,-1393.9427751185865
52,0.32150313152400833,16.044550646970503,-10.410455298921367,-98.26115209801695,-48.94892505373436,1679.4352845842554,-1019.9750019458309
53,0.32567849686847594,15.650173876589111,-10.622639295489488,-90.34353326576169,-52.42696728905564,2113.104136066043,-646.00722877308
54,0.3298538622129436,15.292636278562547,-10.84608557262252,-80.61518854005418,-54.34355744432372,2546.7729875478362,-272.0394556003246
55,0.33402922755741127,14.979498295034658,-11.074274497418358,-69.07611792089449,-54.69869551953854,2980.4418390296296,101.92831757243118
56,0.3382045929018789,14.718320368149302,-11.300686436974887,-55.726321408282786,-53.49238151470009,3414.110690511417,475.8960907451817
57,0.34237995824634654,14.51666294005032,-11.518801758390028,-40.565799002218775,-50.724615429808395,3847.7795419932104,849.8638639179374
58,0.34655532359081415,14.37957811807314,-11.723264440942152,-25.396789262564397,-47.23145261654349,3418.1761233012976,823.3611236359715
59,0.3507306889352818,14.302084670319418,-11.9133729126316,-12.021530749180867,-43.84894842658528,2988.5727046093793,796.858383354005
60,0.3549060542797494,14.276693030082386,-12.089589213639186,-0.4400234620685519,-40.57710285993385,2558.9692859174666,770.355643072039
61,0.3590814196242171,14.29591363065528,-12.252375384145738,9.347732598772858,-37.41591591658913,2129.3658672255483,743.8529027900726
62,0.36325678496868474,14.352256905331329,-12.402193464332077,17.341737433343216,-34.36538759655116,1699.7624485336298,717.3501625081061
63,0.36743215031315235,14.43823328740377,-12.539505494379021,23.541991041642426,-31.425517899819987,1270.1590298417168,690.8474222261401
64,0.37160751565762,14.546353210165822,-12.664773514467397,27.948493423670655,-28.596306826395516,840.5556111497981,664.3446819441738
65,0.3757828810020876,14.66912710691073,-12.77845956477802,30.561244579427818,-25.877754376277828,410.9521924578853,637.8419416622078
66,0.3799582463465553,14.79906541093172,-12.881025685491718,31.38024450891394,-23.26986054946686,-18.651226234033174,611.3392013802413
67,0.38413361169102295,14.928678555522023,-12.972933916789307,30.405493212128995,-20.772625345962634,-448.25464492595165,584.836461098275
68,0.38830897703549055,15.05047697397487,-13.054646298851605,27.636990689073034,-18.38604876576519,-877.8580636178646,558.333720816309
69,0.3924843423799582,15.15697109958349,-13.12662487185945,23.074736939745975,-16.110130808874466,-1307.461482309783,531.8309805343425
70,0.3966597077244258,15.240671365641123,-13.18933167599364,16.71873196414795,-13.944871475290517,-1737.0649010016955,505.3282402523765
71,0.4008350730688935,15.294088205440994,-13.24322875143502,8.568975762278782,-11.890270765013291,-2166.668319693614,478.82549997041014
72,0.40501043841336115,15.311475234016472,-13.288778138364396,-0.12205558557478405,-9.946328678042814,-1996.335695928223,452.32275968844374
73,0.40918580375782876,15.29405879336146,-13.3264418769626,-8.101885999125988,-8.11304521437911,-1826.0030721628343,425.82001940647774
74,0.4133611691022964,15.244808407209998,-13.356682007410438,-15.370515478375044,-6.3904203740221295,-1655.6704483974434,399.31727912451134
75,0.41753653444676403,15.16669359929612,-13.37996056988875,-21.92794402332175,-4.778454156971918,-1485.3378246320544,372.81453884254535
76,0.4217118997912317,15.06268389335387,-13.396739604578345,-27.77417163396629,-3.2771465632284364,-1315.0052008666632,346.31179856057895
77,0.42588726513569936,14.935748813117279,-13.407481151660045,-32.90919831030856,-1.8864975927917045,-1144.672577101272,319.80905827861255
78,0.43006263048016696,14.788857882320396,-13.412647251314677,-37.333024052348506,-0.6065072456617364,-974.3399533358831,293.3063179966465
79,0.4342379958246346,14.624980624697256,-13.412699943723059,-41.04564886008626,0.5628244781614993,-804.0073295704921,266.80357771468016
80,0.43841336116910223,14.447086563981893,-13.40810126906602,-44.04707273352173,1.6214975786779706,-633.6747058051033,240.3008374327141
81,0.4425887265135699,14.258145223908347,-13.399313267524372,-46.33729567265496,2.5695120558877083,-463.3420820397122,213.7980971507477
82,0.44676409185803756,14.061126128210663,-13.386797979278937,-47.91631767748594,3.406867909790697,-293.009458274321,187.2953568687813
83,0.45093945720250517,13.858998800622878,-13.37101744451054,-48.78413874801465,4.133565140386926,-122.67683450893219,160.7926165868153
84,0.45511482254697283,13.65473276487902,-13.3524337034,-48.940758884241106,4.749603747676416,47.655789256458974,134.28987630484892
85,0.45929018789144044,13.45129754471314,-13.33150879612814,-48.3861780861653,5.25498373165915,217.9884130218478,107.78713602288289
86,0.4634655532359081,13.251618570173308,-13.308573062501122,-47.15207766715313,5.744331811528299,373.1456876849803,126.61059423443835
87,0.4676409185803757,13.058444896563737,-13.283430040826474,-45.270138940570504,6.312274706477005,528.3029623481107,145.4340524459936
88,0.47181628392484337,12.874481485502674,-13.255751569037045,-42.74036190641734,6.95881241650528,683.4602370112433,164.25751065754906
89,0.47599164926931103,12.702433298608362,-13.225209485065703,-39.56274656469369,7.68394494161312,838.6175116743757,183.0809688691045
90,0.48016701461377864,12.545005297499065,-13.191475626845314,-35.73729291539961,8.487672281800513,993.7747863375062,201.90442708065973
91,0.4843423799582463,12.404902443793015,-13.154221832308737,-31.264000958534975,9.369994437067481,1148.9320610006387,220.7278852922152
92,0.4885177453027139,12.284829699108476,-13.113119939388831,-26.142870694099933,10.330911407413998,1304.0893356637691,239.5513435037704
93,0.4926931106471816,12.187492025063678,-13.067841786018459,-20.373902122094318,11.370423192840093,1459.2466103269016,258.3748017153259
94,0.49686847599164924,12.115594383276884,-13.018059210130486,-13.957095242518218,12.488529793345752,1614.4038849900342,277.19825992688135
95,0.5010438413361169,12.071841735366338,-12.96344404965777,-6.892450055371626,13.685231208930972,1769.5611596531664,296.02171813843677
96,0.5052192066805845,12.05893904295029,-12.903668142533178,0.8200334393453552,14.96052743959574,1924.718434316297,314.845176349992
97,0.5093945720250521,12.07959126764698,-12.83840332668957,9.180355241632817,16.31441848534007,2079.8757089794276,333.66863456154726
98,0.5135699373695198,12.136503371074667,-12.7673214400598,18.188515351490995,17.746904346164,2235.032983642562,352.49209277310297
99,0.5177453027139874,12.232380314851596,-12.690094320576744,27.844513768919427,19.25798502206746,2390.1902583056926,371.3155509846582
100,0.521920668058455,12.368552984534393,-12.606647389702873,37.16107684364237,20.665460747022355,2072.443454486634,302.86532126874374
101,0.5260960334029227,12.540855961433188,-12.517920403019119,45.15093092538389,21.78713175500058,1754.696650667576,234.41509155282932
102,0.5302713987473904,12.743749750796498,-12.425106699636027,51.81407601414409,22.62299804600214,1436.9498468485087,165.96486183691297
103,0.534446764091858,12.971694857872832,-12.329399618664159,57.15051210992267,23.17305962002701,1119.2030430294503,97.51463212099853
104,0.5386221294363256,13.219151787910697,-12.231992499214057,61.1602392127198,23.437316477075193,801.4562392103919,29.064402405083996
105,0.5427974947807933,13.48058104615862,-12.134078680396275,63.84325732253555,23.415768617146703,483.70943539132486,-39.38582731083227
106,0.5469728601252609,13.750443137865094,-12.03685150132136,65.19956643936976,23.108416040241526,165.96263157226645,-107.83605702674674
107,0.5511482254697285,14.02319856827864,-11.941504301099865,65.22916656322255,22.515258746359684,-151.78417224679197,-176.28628674266125
108,0.5553235908141961,14.293307842647767,-11.849230418842335,63.93205769409384,21.636296735501155,-469.5309760658504,-244.73651645857566
109,0.5594989561586639,14.555231466220995,-11.76122319365932,61.30823983198364,20.471530007665915,-787.2777798849174,-313.18674617449204
110,0.5636743215031315,14.803429944246824,-11.678675964661375,57.357712976892046,19.020958562854034,-1105.024583703976,-381.63697589040646
111,0.5678496868475991,15.032363781973768,-11.602782070959043,52.080477128818984,17.28458240106547,-1422.7713875230343,-450.08720560632094
112,0.5720250521920668,15.236493484650348,-11.534734851662881,45.476532287764286,15.262401522300173,-1740.5181913421013,-518.5374353222373
113,0.5762004175365344,15.410279557525065,-11.475727645883438,37.545878453728335,12.954415926558257,-2058.2649951611597,-586.9876650381517
114,0.580375782881002,15.54944541570869,-11.426587014447012,29.195916362737155,10.624155811071534,-1941.3668464236448,-529.2069302799962
115,0.5845511482254697,15.65476611376097,-11.386672405042914,21.334046750816825,8.53515137307184,-1824.468697686127,-471.4261955218393
116,0.5887265135699373,15.728279616103917,-11.354976487076213,13.960269617967743,6.687402612559282,-1707.570548948612,-413.6454607636838
117,0.5929018789144049,15.77202388715954,-11.330491929951968,7.074584964189693,5.080909529533795,-1590.6724002110968,-355.86472600552827
118,0.5970772442588725,15.788036891349856,-11.312211403075251,0.6769927894826934,3.7156721239953923,-1473.774251473582,-298.08399124737275
119,0.6012526096033403,15.778356593096866,-11.29912757585112,-5.232506906153421,2.5916903959440374,-1356.8761027360638,-240.3032564892157
120,0.6054279749478079,15.745020956822582,-11.290233117684645,-10.653914122718323,1.708964345379794,-1239.9779539985489,-182.52252173106024
121,0.6096033402922755,15.690067946949004,-11.284520697980884,-15.587228860212198,1.067493972302628,-1123.079805261034,-124.74178697290472
122,0.6137787056367432,15.615535527898148,-11.280982986144902,-20.03245111863514,0.6672792767125326,-1006.1816565235158,-66.96105221474761
123,0.6179540709812108,15.523461664092022,-11.27861265158177,-23.98958089798691,0.5083202586095279,-889.2835077860009,-9.180317456592206
124,0.6221294363256784,15.415884319952635,-11.276402363696546,-27.458618198267644,0.5906169179936018,-772.3853590484862,48.600417301563255
125,0.6263048016701461,15.294841459901996,-11.273344791894301,-30.439563019477422,0.9141692548647615,-655.4872103109681,106.38115205972025
126,0.6304801670146137,15.162371048362113,-11.268432605580092,-32.93241536161607,1.478977269222998,-538.589061573453,164.16188681787577
127,0.6346555323590813,15.020511049754992,-11.260658474158983,-34.93717522468368,2.2850409610683062,-421.6909128359382,221.94262157603123
128,0.638830897703549,14.871299428502644,-11.249015067036044,-36.453842608680255,3.332360330400695,-304.79276409842305,279.72335633418686
129,0.6430062630480167,14.71677414902707,-11.23249505361634,-37.482417513605796,4.620935377220201,-187.89461536090505,337.5040910923438
130,0.6471816283924843,14.55897317575029,-11.210091103304926,-38.02289993946027,6.150766101526747,-70.99646662339012,395.2848258504994
131,0.6513569937369519,14.399934473094305,-11.180795885506875,-38.07528988624369,7.921852503320377,45.901682114124924,453.0655606086548
132,0.6555323590814196,14.241696005481124,-11.14360206962725,-37.63958735395607,9.934194582601137,162.79983085164292,510.8462953668118
133,0.6597077244258872,14.086295737332765,-11.097502325071114,-36.71579234259741,12.187792339368922,279.69797958915774,568.6270301249672
134,0.6638830897703548,13.93577163307123,-11.041489321243535,-35.30390485216771,14.68264577362379,396.59612832667267,626.4077648831228
135,0.6680584551148225,13.79216165711852,-10.97455572754957,-33.40392488266692,17.418754885365807,513.4942770641908,684.1884996412798
136,0.6722338204592901,13.657503773896657,-10.89569421339429,-31.01585243409513,20.396119674594836,630.3924258017058,741.9692343994353
137,0.6764091858037578,13.533835947827638,-10.803897448182758,-28.13968750645229,23.61474014131094,747.2905745392209,799.7499691575907
138,0.6805845511482254,13.423196143333481,-10.698158101320036,-24.77543009973843,27.074616285514118,864.1887232767357,857.5307039157462
139,0.6847599164926931,13.327622324836184,-10.577468842211188,-20.923080213953416,30.775748107204492,981.0868720142537,915.3114386739034
140,0.6889352818371607,13.249152456757766,-10.440822340261283,-16.58263784909745,34.71813560638183,1097.9850207517688,973.0921734320589
141,0.6931106471816283,13.189824503520232,-10.287211264875381,-11.754103005170442,38.90177878304624,1214.8831694892835,1030.8729081902143
142,0.697286012526096,13.151676429545589,-10.115628285458545,-6.437475682172256,43.32667763719787,1331.7813182268017,1088.6536429483713
143,0.7014613778705636,13.13582758162294,-9.925893516181514,-1.2927826493425751,47.398313104705366,1132.5266444986346,861.6597459877371
144,0.7056367432150312,13.139722836009796,-9.721136850277675,3.019949324079313,50.522166121437785,933.2719707704675,634.6658490271031
145,0.7098121085594988,13.15988845133076,-9.505315625746093,6.500720238093416,52.69823668739511,734.0172970423005,407.67195206646875
146,0.7139874739039666,13.192850686210429,-9.282387180585822,9.149530092699791,53.92652480257739,534.7626233141281,180.67805510582855
147,0.7181628392484342,13.235135799273406,-9.056308852795931,10.966378887898289,54.207030466984534,335.507949585961,-46.31584185480574
148,0.7223382045929018,13.283270049144296,-8.83103798037548,11.951266623689003,53.53975368061659,136.25327585779394,-273.3097388154397
149,0.7265135699373695,13.333779694447694,-8.610531901323522,12.10419330007192,51.92469444347351,-63.00139787037847,-500.30363577608
150,0.7306889352818371,13.383190993808212,-8.398747953639132,11.425158917047032,49.36185275555538,-262.25607159854565,-727.2975327367142
151,0.7348643006263047,13.428030205850442,-8.19964347532136,9.914163474614352,45.85122861686218,-461.5107453267126,-954.2914296973483
152,0.7390396659707724,13.464823589198996,-8.017175804369264,7.571206972773812,41.39282202739375,-660.765419054885,-1181.2853266579887
153,0.74321503131524,13.490097402478469,-7.855302278781917,4.396289411525533,35.98663298715033,-860.0200927830522,-1408.2792236186228
154,0.7473903966597076,13.500377904313464,-7.717980236558372,0.3894107908694693,29.632661496131853,-1059.2747665112192,-1635.273120579257
155,0.7515657620041752,13.492191353328582,-7.609167015697694,-4.44942888919439,22.33090755433829,-1258.5294402393863,-1862.2670175398912
156,0.755741127348643,13.46206400814843,-7.532819954198937,-10.120229628666195,14.0813711617694,-1457.7841139675586,-2089.2609145005313
157,0.7599164926931106,13.407607860253785,-7.492347647841273,-15.84289237038404,5.278323603421525,-1283.3713393153112,-2127.3988659481356
158,0.7640918580375782,13.330777832550117,-7.488963723524273,-20.837318057186454,-3.683963835709667,-1108.9585646630642,-2165.53681739574
159,0.7682672233820459,13.23461458079908,-7.523333065927622,-25.103506689073537,-12.80549115562442,-934.545790010812,-2203.674768843345
160,0.7724425887265135,13.12215876076233,-7.596120559730997,-28.641458266045078,-22.086258356322247,-760.1330153585645,-2241.812720290949
161,0.7766179540709811,12.996451028201513,-7.707991089614076,-31.45117278810117,-31.52626543780339,-585.7202407063173,-2279.9506717385534
162,0.7807933194154488,12.860532038878278,-7.8596095402565425,-33.53265025524188,-41.1255124000681,-411.30746605406534,-2318.0886231861587
163,0.7849686847599164,12.717442448554278,-8.051640796338072,-34.8858906674671,-50.883999243115866,-236.8946914018179,-2356.2265746337625
164,0.789144050104384,12.570222912991172,-8.282727143864244,-35.51089402477688,-59.348488819604356,-62.48191674957059,-1698.2639325042578
165,0.7933194154488517,12.4219140879506,-8.543420474144225,-35.407660327171236,-65.06574398219097,111.93085790267685,-1040.3012903747524
166,0.7974947807933194,12.275556629194217,-8.822250079813092,-34.57618957465012,-68.03576473087575,286.34363255492883,-382.3386482452298
167,0.801670146137787,12.134191192483673,-9.10774525350589,-33.016481767213584,-68.25855106565854,460.75640720717604,275.62399388427536
168,0.8058455114822546,12.000858433580625,-9.38843528785769,-30.728536904861624,-65.73410298653945,635.1691818594234,933.5866360137807
169,0.8100208768267223,11.878599008246715,-9.652849475503572,-27.71235498759414,-60.4624204935183,809.5819565116755,1591.5492781433034
170,0.8141962421711899,11.7704535722436,-9.889517109078582,-23.96793601541129,-52.44350358659536,983.9947311639228,2249.5119202728083
171,0.8183716075156575,11.678754417786616,-10.08933168063426,-20.004239196345544,-43.3760295465,914.616045168587,2093.80814493291
172,0.8225469728601251,11.603000382905783,-10.252643479887986,-16.330223738429417,-34.9586756539616,845.2373591732512,1938.104369593012
173,0.8267223382045928,11.541981942084835,-10.382166995973614,-12.945889641662832,-27.19144190897999,775.8586731779136,1782.4005942531098
174,0.8308977035490605,11.494489569807486,-10.48061671802499,-9.851236906045964,-20.074328311555583,706.4799871825779,1626.6968189132117
175,0.8350730688935281,11.459313740557452,-10.550707135175966,-7.046265531578721,-13.607334861688145,637.101301187242,1470.9930435733133
176,0.8392484342379958,11.43524492881845,-10.59515273656039,-4.530975518261039,-7.790461559377548,567.7226151919044,1315.2892682334111
177,0.8434237995824634,11.421073609074197,-10.616668011312115,-2.3053668660930557,-2.623708404624094,498.3439291965686,1159.585492893513
178,0.847599164926931,11.415590255808421,-10.617967448564986,-0.36943957507469705,1.8929246025723803,428.96524320123285,1003.8817175536149
179,0.8517745302713987,11.417585343504822,-10.601765537452856,1.2768063547940758,5.759437462211965,359.5865572058952,848.1779422137126
180,0.8559498956158663,11.425849346647134,-10.570776767109573,2.633370923513178,8.975830174294462,290.20787121055946,692.4741668738144
181,0.8601252609603339,11.439172739719059,-10.527715626668986,3.7002541310826533,11.54210273881997,220.82918521522362,536.7703915339163
182,0.8643006263048015,11.456345997204329,-10.475296605264948,4.477455977502504,13.458255155788503,151.45049921988783,381.06661619401814
183,0.8684759916492693,11.476159593586654,-10.416234192031304,4.964976462772739,14.724287425200082,82.0718132245502,225.36284085411577
184,0.8726513569937369,11.49740400334975,-10.353242876101909,5.1628155868933305,15.340199547054635,12.69312722921441,69.65906551421763
185,0.8768267223382045,11.518892708231823,-10.288606753571123,5.087504062207619,15.615228920224189,-48.76734755367119,62.080004233998835
186,0.8810020876826722,11.539531218988976,-10.22288834837535,4.755572601058907,15.858612943580724,-110.22782233655846,54.50094295377984
187,0.8851774530271398,11.558248053631807,-10.156219791411523,4.167021203447215,16.07035161712423,-171.68829711944406,46.92188167356105
188,0.8893528183716074,11.573971730170912,-10.08873321357656,3.3218498693725387,16.250444940854717,-233.14877190232968,39.34282039334225
189,0.8935281837160751,11.585630766616879,-10.02056074576738,2.2200585988348425,16.398892914772183,-294.60924668521693,31.76375911312326
190,0.8977035490605427,11.592153680980301,-9.951834518880913,0.8616473918341869,16.515695538876624,-356.0697214681025,24.184697832904465
191,0.9018789144050103,11.59246899127177,-9.882686663814077,-0.753383751629455,16.600852813168043,-417.5301962509881,16.60563655268567
192,0.9060542797494779,11.58550521550189,-9.813249311463801,-2.625034831556084,16.65436473764644,-478.99067103387375,9.026575272466879
193,0.9102296450939457,11.570190871681238,-9.743654592727003,-4.753305847945757,16.67623131231182,-540.451145816761,1.4475139922478846
194,0.9144050104384133,11.545454477820417,-9.674034638500604,-7.1381968007983625,16.666452537164172,-601.9116205996467,-6.131547287970914
195,0.9185803757828809,11.510224551930014,-9.60452157968153,-9.779707690113955,16.6250284122035,-663.3720953825322,-13.710608568189706
196,0.9227557411273486,11.46342961202063,-9.535247547166703,-12.677838515892613,16.55195893742981,-724.8325701654195,-21.289669848408707
197,0.9269311064718162,11.403998176102851,-9.466344671853046,-15.832589278134188,16.447244112843094,-786.2930449483051,-28.8687311286275
198,0.9311064718162838,11.330858762187269,-9.39794508463748,-19.243959976838738,16.310883938443357,-847.7535197311906,-36.44779240884629
199,0.9352818371607514,11.243499358879806,-9.330169139366804,-22.509970989267956,16.151340224747806,-716.6657552224173,-39.97364645132362
200,0.9394572025052191,11.143645837167655,-9.263090081687293,-25.228642692683575,15.977074782273636,-585.5779907136402,-43.49950049380104
201,0.9436325678496867,11.033583538633335,-9.196769380195109,-27.39997508708545,15.788087611020865,-454.4902262048669,-47.025354536278364
202,0.9478079331941544,10.915597804859377,-9.131268503486398,-29.02396817247367,15.584378710989482,-323.4024616960935,-50.55120857875569
203,0.9519832985386221,10.791973977428286,-9.066648920157308,-30.10062194884824,15.365948082179479,-192.31469718731654,-54.07706262123311
204,0.9561586638830897,10.664997397922596,-9.002972098804005,-30.629936416209112,15.13279572459087,-61.22693267854305,-57.60291666371043
205,0.9603340292275573,10.536953407924818,-8.940299508022632,-30.61191157455632,14.884921638223652,69.86083183023038,-61.12877070618776
206,0.964509394572025,10.41012734901748,-8.878692616409342,-30.046547423889837,14.622325823077817,200.9485963390074,-64.65462474866519
207,0.9686847599164926,10.286804562783098,-8.818212892560295,-28.9338439642097,14.345008279153378,332.03636084778066,-68.1804787911425
208,0.9728601252609602,10.169270390804199,-8.75892180507164,-27.273801195515915,14.052969006450331,463.12412535655426,-71.70633283361983
209,0.9770354906054278,10.059810174663292,-8.700880822539526,-25.066419117808447,13.746208004968668,594.2118898653276,-75.23218687609716
210,0.9812108559498955,9.960709255942906,-8.64415141356011,-22.311697731087243,13.424725274708388,725.2996543741046,-78.75804091857458
211,0.9853862212943632,9.874252976225563,-8.588795046729544,-19.00963703535244,13.088520815669504,856.387418882878,-82.2838949610519
212,0.9895615866388308,9.802726677093775,-8.534873190643983,-15.160237030603978,12.737594627852008,987.4751833916514,-85.80974900352922
213,0.9937369519832985,9.747755651523397,-8.482447313899572,-11.237742640737112,12.371946711255893,891.399629354542,-89.33560304600664
214,0.9979123173277661,9.708324998063572,-8.431578885092474,-7.716398789647418,11.991577065881176,795.324075317435,-92.86145708848397
215,1.0020876826722338,9.682759766656783,-8.38232937281884,-4.596205477334709,11.596485691727839,699.2485212803257,-96.38731113096138
216,1.0062630480167014,9.6693850072455,-8.334760245674815,-1.877162703799149,11.1866725887959,603.1729672432187,-99.91316517343871
217,1.010438413361169,9.666525769772202,-8.28893297225656,0.4407295309593537,10.762137757085352,507.0974132061118,-103.43901921591605
218,1.0146137787056366,9.672507104179362,-8.244909021160224,2.3574712269407927,10.32288119659619,411.02185916900487,-106.96487325839337
219,1.0187891440501042,9.685654060409455,-8.202749860981962,3.87306238414517,9.868902907328419,314.94630513189804,-110.49072730087069
220,1.0229645093945718,9.704291688404961,-8.162516960317927,4.987503002572489,9.400202889282037,218.87075109479113,-114.01658134334802
221,1.0271398747390397,9.726745038108355,-8.124271787764268,5.700793082222773,8.916781142457019,122.79519705767913,-117.54243538582553
222,1.0313152400835073,9.751339159462109,-8.088075811917141,6.012932623095946,8.418637666853416,26.719643020572192,-121.06828942830286
223,1.0354906054279749,9.7763991024087,-8.053990501372699,5.923921625192057,7.905772462471201,-69.35591101653469,-124.59414347078018
224,1.0396659707724425,9.800249916890605,-8.022077324727096,5.433760088511108,7.378185529310375,-165.43146505364163,-128.11999751325752
225,1.04384133611691,9.8212166528503,-7.9923977505764805,4.542448013053099,6.835876867370938,-261.5070190907485,-131.64585155573485
226,1.0480167014613777,9.83762436023026,-7.965013247517009,3.249985398818028,6.278846476652888,-357.58257312785537,-135.17170559821213
227,1.0521920668058453,9.848210007681509,-7.939962771777268,1.8523358378994799,5.723269493251422,-311.891566552134,-130.94966945109226
228,1.0563674321503131,9.85335823868928,-7.917195230115588,0.6454629223909837,5.185321053261702,-266.20055997641026,-126.72763330397213
229,1.0605427974947808,9.853865615447349,-7.896637016922734,-0.3706333477073368,4.665001156683785,-220.50955340068884,-122.50559715685223
230,1.0647181628392484,9.850528700149496,-7.878214526589472,-1.1959529723955484,4.162309803517641,-174.8185468249675,-118.28356100973234
231,1.068893528183716,9.844144054989503,-7.861854153506563,-1.830495951673652,3.677246993763273,-129.12754024924618,-114.06152486261244
232,1.0730688935281836,9.835508242161143,-7.847482292064781,-2.274262285541645,3.2098127274206774,-83.43653367352485,-109.83948871549255
233,1.0772442588726512,9.825417823858203,-7.835025336654878,-2.527251973999532,2.7600070044898555,-37.74552709780349,-105.61745256837263
234,1.0814196242171188,9.814669362274454,-7.82440968166763,-2.589465017047308,2.3278298249708085,7.945479477917928,-101.39541642125275
235,1.0855949895615866,9.804059419603682,-7.815561721493799,-2.4609014146849653,1.9132811888635128,53.636486053641704,-97.17338027413263
236,1.0897703549060542,9.794384558039662,-7.808407850524146,-2.141561166912517,1.5163610961680143,99.32749262936305,-92.95134412701272
237,1.0939457202505218,9.786441339776172,-7.802874463149443,-1.631444273729958,1.13706954688429,145.01849920508437,-88.72930797989284
238,1.0981210855949894,9.781026327006995,-7.798887953760449,-0.9305507351372899,0.775406541012339,190.70950578080573,-84.50727183277293
239,1.102296450939457,9.778936081925908,-7.7963747167479305,-0.038880551134515606,0.431372078552162,236.4005123565271,-80.28523568565303
240,1.1064718162839247,9.780967166726693,-7.795261146502655,1.0435662782783677,0.10496615950375954,282.09151893224845,-76.06319953853314
241,1.1106471816283923,9.787916143603127,-7.795473637415386,2.316789753101361,-0.20381121613286945,327.78252550796975,-71.84116339141323
242,1.11482254697286,9.800286023927836,-7.796938583876886,3.569873608337213,-0.494960048357739,272.4446411499764,-67.61912724429313
243,1.1189979123173277,9.817405615788843,-7.799582380277925,4.591901578988483,-0.7684803371708188,217.10675679198596,-63.397091097173224
244,1.1231732776617953,9.838310176453021,-7.803331421009265,5.382873665055245,-1.024372082572125,161.7688724339955,-59.17505495005332
245,1.127348643006263,9.862034963187241,-7.80811210046167,5.942789866537496,-1.2626352845616569,106.43098807600505,-54.95301880293343
246,1.1315240083507305,9.887615233258362,-7.813850813025908,6.271650183435235,-1.483269943139415,51.09310371801462,-50.730982655813534
247,1.1356993736951981,9.914086243933275,-7.8204739530927405,6.36945461574847,-1.686276058305399,-4.244780639975772,-46.50894650869363
248,1.139874739039666,9.940483252478836,-7.827907915052937,6.23620316347718,-1.8716536300596187,-59.582664997969204,-42.28691036157351
249,1.1440501043841336,9.965841516161916,-7.836079093297261,5.871895826621381,-2.039402658402054,-114.92054935595965,-38.06487421445362
250,1.1482254697286012,9.989196292249389,-7.8449138822164715,5.276532605181072,-2.1895231433327154,-170.25843371395007,-33.842838067333716
251,1.1524008350730688,10.009582838008125,-7.854338676201345,4.450113499156256,-2.3220150848516026,-225.5963180719405,-29.62080192021382
252,1.1565762004175364,10.026036410704997,-7.864279869642635,3.3926385085469306,-2.4368784829587162,-280.9342024299309,-25.398765773093928
253,1.160751565762004,10.037592267606868,-7.8746638569311145,2.1041076333530944,-2.5341133376540554,-336.27208678792135,-21.17672962597403
254,1.1649269311064716,10.043285665980617,-7.8854170324575446,0.5845208735747489,-2.6137196489376207,-391.6099711459118,-16.954693478854132
255,1.1691022964509394,10.042151863093112,-7.8964657906126945,-1.1661217707882052,-2.675697416809416,-446.94785550390526,-12.732657331734012
256,1.173277661795407,10.033567564465944,-7.907737102243603,-2.9024897287164744,-2.720460825106382,-384.7723963437419,-8.709015242512958
257,1.1774530271398747,10.018275268639604,-7.919160244022438,-4.379252429191035,-2.748424057665473,-322.5969371835785,-4.685373153291903
258,1.1816283924843423,9.997358922409306,-7.930665069077638,-5.59640987221189,-2.7595871144866897,-260.4214780234151,-0.6617310640708496
259,1.1858037578288099,9.971902472570267,-7.942181430537653,-6.553962057779034,-2.7539499955700313,-198.24601886325178,3.3619110251502047
260,1.1899791231732775,9.9429898659177,-7.953639181530922,-7.251908985892474,-2.731512700915498,-136.07055970308835,7.385553114371261
261,1.194154488517745,9.911705049246818,-7.964968175185885,-7.690250656552206,-2.69227523052309,-73.89510054292498,11.409195203592315
262,1.198329853862213,9.879131969352827,-7.9760982646309895,-7.868987069758234,-2.6362375843928034,-11.719641382758283,15.432837292813584
263,1.2025052192066805,9.846354573030958,-7.986959302994678,-7.788118225510537,-2.5633997625246456,50.455817777405116,19.45647938203464
264,1.2066805845511481,9.814456807076404,-7.997481143405396,-7.447644123809134,-2.4737617649186117,112.63127693756846,23.480121471255693
265,1.2108559498956157,9.784522618284399,-8.00759363899158,-6.847564764654024,-2.3673235915747037,174.8067360977319,27.503763560476752
266,1.2150313152400833,9.757635953450142,-8.01722664288168,-5.987880148045206,-2.2440852424929205,236.98219525789523,31.52740564969781
267,1.219206680584551,9.734880759368854,-8.026310008204133,-4.868590273982678,-2.1040467176732625,299.15765441805866,35.55104773891886
268,1.2233820459290186,9.717340982835749,-8.034773588087388,-3.489695142466446,-1.9472080171157293,361.333113578222,39.57468982813992
269,1.2275574112734864,9.706100570646036,-8.042547235659885,-1.8511947534964142,-1.773569140820313,423.5085727383887,43.59833191736118
270,1.231732776617954,9.701942555560908,-8.049560804050067,-0.1692958405213482,-1.5831300887870292,382.12100657667435,47.621974006582235
271,1.2359081419624216,9.704446314205436,-8.055744146386376,1.3397948630102348,-1.375890861015871,340.73344041496006,51.64561609580329
272,1.2400835073068892,9.712890309170673,-8.061027115797257,2.676077357098337,-1.151851457506838,299.3458742532457,55.66925818502435
273,1.2442588726513568,9.72655300304767,-8.065339565411154,3.8395516417429563,-0.9110118782599299,257.9583080915314,59.6929002742454
274,1.2484342379958244,9.744712858427476,-8.068611348356509,4.830217716944094,-0.6533721232751477,216.57074192981702,63.71654236346646
275,1.2526096033402923,9.766648337901147,-8.070772317761765,5.648075582701787,-0.3789321925524751,175.1831757681005,67.74018445268773
276,1.2567849686847599,9.791637904059721,-8.071752326755362,6.293125239015948,-0.08769208609194168,133.79560960638617,71.76382654190878
277,1.2609603340292275,9.81896001949426,-8.07148122846575,6.76536668588663,0.22034819610646572,92.40804344467185,75.78746863112984
278,1.265135699373695,9.847893146795807,-8.069888876021366,7.064799923313828,0.5451886540427491,51.020477282957515,79.8111107203509
279,1.2693110647181627,9.877715748555415,-8.066905122550656,7.191424951297546,0.8868292877169068,9.632911121243154,83.83475280957194
280,1.2734864300626303,9.907706287364132,-8.062459821182063,7.145241769837779,1.2452700971289394,-31.754655040471164,87.858394898793
281,1.277661795407098,9.93714322581301,-8.05648282504403,6.92625037893453,1.6205110822788469,-73.1422212021855,91.88203698801405
282,1.2818371607515657,9.965305026493102,-8.048903987264998,6.534450778587776,2.0125522431666503,-114.52978736390205,95.90567907723533
283,1.2860125260960333,9.99147015199545,-8.039653160973412,5.969842968797553,2.421393579792308,-155.91735352561636,99.92932116645638
284,1.290187891440501,10.015072022036636,-8.028845441665744,5.343763644250411,2.713938450728328,-143.9746429324673,40.199672011898336
285,1.2943632567849686,10.0361638848353,-8.01733689431057,4.767549499632909,2.757090214547198,-132.03193233931822,-19.529977142659718
286,1.2985386221294362,10.054953945735628,-8.006168826244497,4.241200534945048,2.550848871248917,-120.08922174616913,-79.25962629721778
287,1.3027139874739038,10.071650410081785,-7.99638254480413,3.764716750186829,2.095214420833485,-108.14651115302004,-138.98927545177582
288,1.3068893528183714,10.086461483217953,-7.989019357326078,3.33809814535825,1.3901868633009018,-96.20380055987096,-198.71892460633387
289,1.3110647181628392,10.099595370488299,-7.985120571146945,2.961344720459292,0.43576619865111077,-84.26108996672124,-258.4485737608951
290,1.3152400835073068,10.111260277236997,-7.985727493603337,2.6344564754899977,-0.7680475731157852,-72.31837937357216,-318.17822291545315
291,1.3194154488517744,10.12166440880823,-7.99188143203186,2.3574334104503443,-2.2212544519998336,-60.37566878042308,-377.90787207001125
292,1.323590814196242,10.13101597054616,-8.00462369376912,2.1302755253403305,-3.9238544380010314,-48.432958187274,-437.6375212245693
293,1.3277661795407096,10.13952316779497,-8.024995586151729,1.9529828201599584,-5.875847531119382,-36.4902475941249,-497.3671703791274
294,1.3319415448851772,10.147394205898824,-8.05403841651628,1.8255552949092273,-8.07723373135488,-24.547537000975822,-557.0968195336853
295,1.336116910229645,10.154837290201906,-8.092793492199393,1.7479929495881341,-10.52801303870767,-12.60482640782611,-616.8264686882466
296,1.3402922755741127,10.162060626048385,-8.142302120537664,1.7202957841966875,-13.228185453177485,-0.662115814677037,-676.5561178428047
297,1.3444676409185803,10.169272418782434,-8.2036056088677,1.7424637987348812,-16.177750974764447,11.28059477847205,-736.2857669973627
298,1.348643006263048,10.176680873748232,-8.277285347241232,1.8144969932027162,-19.046259034279096,23.223305371621123,-637.729593510164
299,1.3528183716075155,10.184494196289945,-8.362083056570434,1.9363953676001917,-21.503259062531953,35.166015964770224,-539.1734200229653
300,1.356993736951983,10.19292059175175,-8.456280540482608,2.1081589219273082,-23.548751059523024,47.10872655791929,-440.6172465357666
301,1.3611691022964507,10.202168265477829,-8.558159602605052,2.329787656184066,-25.182735025252313,59.05143715106837,-342.061073048568
302,1.3653444676409185,10.212445422812342,-8.666002046565078,2.60128157037048,-26.405210959719867,70.99414774421811,-243.50489956136403
303,1.3695198329853862,10.223960269099473,-8.778089675989968,2.922640664486522,-27.216178862925567,82.93685833736718,-144.94872607416534
304,1.3736951983298538,10.236921009683389,-8.892704294507027,3.293864938532204,-27.615638734869467,94.87956893051626,-46.392552586966644
305,1.3778705636743214,10.251535849908272,-9.008127705743556,3.714954392507528,-27.60359057555159,106.82227952366534,52.16362090023205
306,1.382045929018789,10.268012995118289,-9.122641713326855,4.185909026412492,-27.180034384971915,118.76499011681442,150.71979438743074
307,1.3862212943632566,10.286560650657618,-9.234528120884221,4.706728840247098,-26.34497016313046,130.7077007099635,249.27596787462943
308,1.3903966597077242,10.30738702187043,-9.342068732042957,5.277413834011345,-25.09839791002722,142.65041130311258,347.8321413618281
309,1.394572025052192,10.330700314100898,-9.443545350430366,5.897964007705266,-23.440317625662093,154.5931218962623,446.3883148490321
310,1.3987473903966596,10.356708732693201,-9.537239779673737,6.568379361328796,-21.37072931003526,166.53583248941138,544.9444883362306
311,1.4029227557411272,10.385620482991508,-9.62143382340037,7.288659894881967,-18.88963296314663,178.47854308256046,643.5006618234294
312,1.4070981210855948,10.417975428796026,-9.694709924544489,8.297102209023329,-16.21303792701417,304.5653253911563,638.588360484031
313,1.4112734864300625,10.455640067731085,-9.756853083267954,9.832002904411436,-13.556953543655814,430.6521076997521,633.6760591446326
314,1.41544885177453,10.500812555877049,-9.807948939039557,11.893361981046283,-10.921379813071558,556.7388900083479,628.7637578052341
315,1.4196242171189977,10.555691049314277,-9.848083131328082,14.481179438927871,-8.306316735261415,682.8256723169437,623.8514564658358
316,1.4237995824634655,10.622473704123141,-9.877341299602318,17.595455278056384,-5.711764310225237,808.9124546255463,618.9391551264372
317,1.427974947807933,10.703358676383989,-9.895809083331043,21.23618949843149,-3.137722537963304,934.9992369341421,614.0268537870388
318,1.4321503131524007,10.800544122177186,-9.903572121983046,25.40338210005333,-0.5841914184754762,1061.0860192427378,609.1145524476403
319,1.4363256784968683,10.915150233437547,-9.900716055027114,29.322515844339378,1.9488290482382449,816.1790442702952,604.2022511082421
320,1.440501043841336,11.043985345517644,-9.887326521932032,32.2190734927071,4.461338862177861,571.2720692978523,599.2899497688436
321,1.4446764091858035,11.182779829624497,-9.86348916216658,34.09305504515648,6.953338023343372,326.3650943254096,594.3776484294452
322,1.4488517745302714,11.32726405696514,-9.829289615199551,34.94446050168755,9.424826531734904,81.45811935295382,589.4653470900465
323,1.453027139874739,11.47316839874657,-9.784813520499725,34.7732898623002,11.875804387352204,-163.448855619489,584.5530457506482
324,1.4572025052192066,11.616223226175828,-9.730146517535895,33.579543126994544,14.306271590195395,-408.35583059193175,579.6407444112498
325,1.4613778705636742,11.752158910459928,-9.665374245776833,31.363220295770535,16.71622814026448,-653.2628055643745,574.7284430718513
326,1.4655532359081418,11.877465684294023,-9.591007724334716,28.670281847847544,18.800038763792994,-636.6547109907503,423.41684559831435
327,1.4697286012526094,11.991673226325767,-9.509259490895206,26.046688262444903,20.25206818701447,-620.0466164171262,272.1052481247773
328,1.473903966597077,12.095071076690944,-9.422767462787354,23.492439539562607,21.0723164099289,-603.438521843502,120.79365065124028
329,1.4780793319415448,12.187948775525348,-9.334169557340203,21.007535679200537,21.260783432536293,-586.8304272698769,-30.517946822304737
330,1.4822546972860124,12.270595862964747,-9.246103691882812,18.591976681358954,20.817469254836617,-570.2223326962527,-181.82954429584186
331,1.48643006263048,12.343301879144935,-9.161207783744223,16.24576254603771,19.7423738768299,-553.6142381226284,-333.14114176937886
332,1.4906054279749477,12.40635636420169,-9.082119750253485,13.968893273236827,18.03549729851614,-537.0061435490043,-484.4527392429158
333,1.4947807933194153,12.460048858270808,-9.011477508739647,11.761368862956296,15.696839519895352,-520.3980489753801,-635.7643367164529
334,1.4989561586638829,12.504668901488063,-8.951918976531754,9.623189315196111,12.72640054096752,-503.78995440175584,-787.0759341899898
335,1.5031315240083505,12.540506033989246,-8.906082070958856,7.554354629956279,9.124180361732648,-487.1818598281317,-938.3875316635269
336,1.5073068893528183,12.567849795910137,-8.87660470935,5.554864807236694,4.890178982190502,-470.57376525450655,-1089.6991291370718
337,1.511482254697286,12.586989727386516,-8.86612480903424,3.624719847037567,0.02439640234151952,-453.96567068088234,-1241.010726610609
338,1.5156576200417535,12.59821536855418,-8.877280287340618,1.7639197493587915,-5.473167377814505,-437.3575761072582,-1392.322324084146
339,1.5198329853862211,12.6018162595489,-8.912709061598182,-0.027535485799631942,-11.602512358277561,-420.74948153363397,-1543.633921557683
340,1.5240083507306887,12.598255535757426,-8.973981834443334,-1.6249176706279114,-17.59684478237699,-344.3965849991184,-1327.6513095859639
341,1.5281837160751564,12.588690713570298,-9.058400449741853,-2.9034986173162545,-22.6893708934421,-268.0436884646027,-1111.6686976142448
342,1.532359081419624,12.574452904629021,-9.16219953666688,-3.863278325864659,-26.880090691472898,-191.69079193008707,-895.6860856425255
343,1.5365344467640918,12.556873220575103,-9.281613724391548,-4.504256796273153,-30.169004176469535,-115.33789539556741,-679.7034736707951
344,1.5407098121085594,12.53728277305004,-9.412877642088988,-4.826434028541667,-32.55611134843168,-38.984998861051764,-463.72086169907584
345,1.544885177453027,12.51701267369534,-9.552225918932335,-4.829810022670244,-34.04141220735951,37.36789767346389,-247.7382497273568
346,1.5490605427974946,12.497394034152501,-9.695893184094723,-4.514384778658881,-34.62490675325301,113.72079420797948,-31.755637755637622
347,1.5532359081419622,12.479757966063032,-9.84011406674929,-3.8801582965075827,-34.306594986112216,190.07369074249516,184.22697421608154
348,1.5574112734864298,12.46543558106843,-9.981123196069168,-2.9271305762163458,-33.0864769059371,266.42658727701075,400.2095861878006
349,1.5615866388308977,12.4557579908102,-10.115155201227495,-1.6553016177850948,-30.964552512727536,342.77948381153044,616.1921981595312
350,1.5657620041753653,12.452056306929848,-10.238444711397397,-0.0646714212139674,-27.94082180648376,419.13238034604603,832.1748101312503
351,1.5699373695198329,12.455661641068872,-10.347226355752014,1.8447600134970985,-24.01528478720568,495.4852768805618,1048.1574221029696
352,1.5741127348643005,12.46790510486878,-10.437734763464483,4.072992686348102,-19.187941454893284,571.8381734150773,1264.1400340746886
353,1.578288100208768,12.49011780997107,-10.506204563707929,6.6200265973390415,-13.458791809546568,648.1910699495929,1480.1226460464077
354,1.5824634655532357,12.523242520877572,-10.549805486255792,9.206834326614771,-7.499705632476475,590.8898323734924,1374.2796327701913
355,1.5866388308977033,12.566668613531427,-10.569447663282663,11.554388454320149,-1.9825527049939156,533.5885947973918,1268.4366194939746
356,1.5908141962421711,12.619397116736103,-10.566976327563445,13.662688980455272,3.0926669729013603,476.287357221288,1162.5936062177525
357,1.5949895615866387,12.680429059295053,-10.544236711873033,15.53173590501993,7.725953401208807,418.9861196451874,1056.7505929415358
358,1.5991649269311063,12.74876547001174,-10.50307404898632,17.16152922801422,11.917306579928724,361.6848820690867,950.9075796653191
359,1.603340292275574,12.823407377689643,-10.445333571678203,18.552068949438166,15.6667265090611,304.38364449298615,845.0645663891025
360,1.6075156576200416,12.903355811132212,-10.372860512723578,19.703355069291746,18.974213188605933,247.08240691688542,739.2215531128859
361,1.6116910229645092,12.987611799142918,-10.287500104897346,20.615387587574975,21.83976661856323,189.78116934078486,633.3785398366693
362,1.6158663883089768,13.075176370525224,-10.191097580974391,21.28816650428785,24.26338679893298,132.47993176468418,527.5355265604527
363,1.6200417536534446,13.165050554082598,-10.085498173729613,21.721691819430387,26.245073729715287,75.17869418858045,421.69251328423036
364,1.6242171189979122,13.256235378618493,-9.972547115937918,21.915963533002536,27.78482741090994,17.877456612479847,315.8495000080138
365,1.6283924843423798,13.347731872936382,-9.854089640374193,21.87098164500433,28.88264784251706,-39.423780963620814,210.00648673179717
366,1.6325678496868474,13.438541065839726,-9.731970979813335,21.58674615543577,29.53853502453663,-96.72501853972145,104.16347345558057
367,1.636743215031315,13.527663986131987,-9.608036367030238,21.06325706429685,29.752488956968662,-154.02625611582206,-1.6795398206360217
368,1.6409185803757826,13.61399069526808,-9.484154319245441,20.220784331651465,29.507779765622516,-249.51818282131973,-115.53616283416916
369,1.6450939457202503,13.695967385308695,-9.362286491462019,18.979597917563506,28.787677576307544,-345.0101095268174,-229.3927858477023
370,1.649269311064718,13.771929280965978,-9.244417823128698,17.339697822032875,27.592182389023684,-440.50203623232017,-343.2494088612415
371,1.6534446764091857,13.84021160695206,-9.132533253694206,15.301084045059742,25.921294203771062,-535.9939629378179,-457.10603187477466
372,1.6576200417536533,13.899149587979084,-9.028617722607253,12.863756586644037,23.775013020549604,-631.4858896433155,-570.9626548883077
373,1.661795407098121,13.947078448759187,-8.934656169316574,10.02771544678575,21.153338839359343,-726.9778163488131,-684.8192779018409
374,1.6659707724425885,13.982333414004511,-8.852633533270877,6.792960625484892,18.056271660200245,-822.4697430543108,-798.675900915374
375,1.6701461377870561,14.003598151700725,-8.784534753918894,3.4098486147691904,14.483811483072348,-798.0409100785234,-912.5325239289073
376,1.674321503131524,14.010950102927584,-8.73234477070934,0.1287359066662066,10.435958307975396,-773.6120771027347,-1026.3891469424464
377,1.6784968684759916,14.004815152038384,-8.69804852309094,-3.0503774988237096,5.912712134909821,-749.1832441269473,-1140.2457699559795
378,1.6826722338204592,13.985619183386417,-8.683630950512415,-6.127491601700736,0.9140729638754266,-724.75441115116,-1254.1023929695125
379,1.6868475991649268,13.953788081324968,-8.691076992422488,-9.102606401964872,-4.559959205127781,-700.3255781753726,-1367.959015983046
380,1.6910229645093944,13.909747730207329,-8.722371588269876,-11.97572189961612,-10.509384372099811,-675.8967451995852,-1481.8156389965789
381,1.695198329853862,13.853924014386786,-8.779499677503303,-14.746838094654475,-16.934202537040655,-651.4679122237977,-1595.672262010112
382,1.6993736951983296,13.787281903928683,-8.862940507920936,-17.02862190297408,-22.75257424902463,-441.5065319613032,-1191.3277880302303
383,1.7035490605427974,13.712942711746534,-8.967150560718707,-18.433740240469138,-26.882660057126184,-231.54515169879727,-786.9833140503267
384,1.707724425887265,13.634566836465922,-9.085080625441988,-18.962193107139484,-29.32445996134489,-21.58377143630264,-382.63884007044453
385,1.7118997912317326,13.555814676712421,-9.209681491636157,-18.613980502985235,-30.077973961681018,188.377608826192,21.705633909437438
386,1.7160751565762002,13.480346631111594,-9.333903948846586,-17.38910242800637,-29.14320205813456,398.3389890886866,426.0501078893195
387,1.7202505219206679,13.41182309828902,-9.450698786618652,-15.287558882202909,-26.52014425070552,608.3003693511813,830.3945818692015
388,1.7244258872651355,13.353904476870266,-9.553016794497731,-12.309349865574838,-22.208800539393895,818.2617496136759,1234.7390558490833
389,1.728601252609603,13.309786422906853,-9.635462218716878,-8.788392917583895,-17.397179554294926,868.2766284739998,1070.027396013342
390,1.732776617954071,13.280805622154054,-9.699253132259845,-5.058605577691603,-13.273289925503645,918.2915073343264,905.3157361775918
391,1.7369519832985385,13.26783401779307,-9.747261064798062,-1.1199878458983643,-9.837131653020492,968.3063861946504,740.6040763418505
392,1.7411273486430061,13.271743553005145,-9.782357546002963,3.027460277796017,-7.088704736845235,1018.3212650549743,575.8924165061092
393,1.7453027139874737,13.29340617097147,-9.80741410554598,7.38373879339154,-5.028009176977868,1068.3361439152984,411.1807566703678
394,1.7494780793319413,13.333693814873273,-9.825302273098547,11.948847700888205,-3.655044973418392,1118.3510227756221,246.4690968346265
395,1.753653444676409,13.393478427891763,-9.838893578332087,16.72278700028601,-2.969812126166807,1168.365901635946,81.75743699888514
396,1.7578288100208765,13.472941934458435,-9.850580144055876,21.20977821990863,-2.6278568047552526,980.9028925633065,82.03916195725077
397,1.7620041753653444,13.569506184005894,-9.860836465630493,24.91404288807992,-2.284725178715849,793.4398834906569,82.32088691561641
398,1.766179540709812,13.679903007217003,-9.869657631554366,27.83558100479946,-1.9404172480486315,605.9768744180172,82.60261187398203
399,1.7703549060542796,13.800864234774643,-9.87703873032592,29.974392570067494,-1.5949330127535826,418.51386534537767,82.88433683234766
400,1.7745302713987472,13.92912169736168,-9.88297485044357,31.330477583884,-1.2482724728307024,231.05085627273797,83.16606179071329
401,1.7787056367432148,14.061407225661002,-9.887461080405746,31.903836046249005,-0.900435628279991,43.58784720009828,83.4477867490789
402,1.7828810020876824,14.194452650355474,-9.890492508710865,31.694467957162484,-0.5514224791014475,-143.8751618725413,83.72951170744453
403,1.7870563674321502,14.324989802127984,-9.892064223857357,30.702373316624374,-0.2012330252950547,-331.33817094519094,84.01123666581017
404,1.7912317327766178,14.449750511661389,-9.892171314343631,28.927552124634783,0.1501327331391511,-518.8011800178306,84.2929616241758
405,1.7954070981210855,14.565466609638573,-9.890808868668126,26.370004381193674,0.5026747962011886,-706.2641890904704,84.57468658254143
406,1.799582463465553,14.668869926742406,-9.887971975329247,23.029730086301058,0.8563931638910575,-893.7271981631097,84.85641154090703
407,1.8037578288100207,14.756692293655764,-9.883655722825432,18.90672923995691,1.2112878362087571,-1081.1902072357495,85.13813649927268
408,1.8079331941544883,14.825665541061527,-9.877855199655095,14.001001842161255,1.5673588131542886,-1268.6532163083891,85.41986145763829
409,1.8121085594989559,14.872521499642563,-9.87056549431666,8.312547892914083,1.9246060947276518,-1456.1162253810287,85.70158641600392
410,1.8162839248434237,14.895042500822855,-9.861781695308547,2.596152174695416,2.2830296809288653,-1282.0373236455882,85.98331137436955
411,1.8204592901878913,14.895212878990764,-9.85149889112918,-2.393400530013823,2.642629571757891,-1107.9584219101569,86.26503633273518
412,1.824634655532359,14.876067469275778,-9.839712170276988,-6.656110221213957,3.0034057672147476,-933.8795201747255,86.54676129110081
413,1.8288100208768265,14.840641106807361,-9.826416621250386,-10.191976898904995,3.3653582672994364,-759.8006184392943,86.82848624946644
414,1.8329853862212941,14.791968626714997,-9.811607332547798,-13.00100056308693,3.7284870720119567,-585.7217167038629,87.11021120783205
415,1.8371607515657618,14.733084864128157,-9.795279392667647,-15.083181213759762,4.0927921813523085,-411.64281496843165,87.3919361661977
416,1.8413361169102294,14.667024654176307,-9.777427890108351,-16.438518850923494,4.458273595320491,-237.56391323300022,87.6736611245633
417,1.8455114822546972,14.596822831988927,-9.758047913368339,-17.067013474578133,4.824931313916525,-63.48501149755964,87.95538608292894
418,1.8496868475991648,14.525514232695498,-9.737134550946031,-16.96866508472362,5.19276533714037,110.59389023787162,88.23711104129457
419,1.8538622129436324,14.456133691425485,-9.714682891339852,-16.143473681360003,5.561775664992047,284.6727919733031,88.5188359996602
420,1.8580375782881,14.391716043308373,-9.690688023048217,-14.591439264487288,5.931962297471555,458.7516937087343,88.80056095802581
421,1.8622129436325676,14.335296123473626,-9.665145034569553,-12.312561834105473,6.303325234578896,632.8305954441657,89.08228591639144
422,1.8663883089770352,14.289908767050719,-9.638049014402286,-9.306841390214545,6.675864476314068,806.909497179597,89.36401087475707
423,1.8705636743215028,14.25858880916913,-9.609395051044833,-5.574277932814525,7.04958002267707,980.9883989150283,89.64573583312269
424,1.8747390396659707,14.243621731980815,-9.5792113968603,-1.6532815762523028,7.40064363689202,897.1688558781912,78.51373537583099
425,1.8789144050104383,14.244295605727656,-9.547658959670542,1.9177375651245994,7.70522708218298,813.3493128413586,67.38173491853989
426,1.8830897703549059,14.25914914767401,-9.514931811162079,5.138779491316397,7.963330358549969,729.5297698045259,56.249734461248806
427,1.8872651356993735,14.286721075084252,-9.481224023021445,8.009844202323094,8.174953465992987,645.7102267676934,45.1177340039577
428,1.891440501043841,14.32555010522273,-9.446729666935171,10.530931698144691,8.340096404512034,561.8906837308607,33.9857335466666
429,1.8956158663883087,14.374174955353814,-9.411642814589785,12.702041978781187,8.45875917410711,478.07114069402826,22.85373308937551
430,1.8997912317327765,14.431134342741872,-9.376157537671817,14.523175044232666,8.530941774778217,394.25159765719104,11.721732632083807
431,1.9081419624217117,14.564211598346336,-9.304767996864262,17.11550952958011,8.535866469348512,226.61251158352593,-10.542268282498377
432,1.9123173277661794,14.637406901091474,-9.269251876347733,17.886710949476175,8.468608563247702,142.7929685466933,-21.674268739789483
433,1.916492693110647,14.713091610151029,-9.234113618004747,18.307935154187142,8.354870488222925,58.97342550986076,-32.80626919708058
434,1.9206680584551146,14.789804442789364,-9.199547293521828,18.379182143713003,8.194652244274174,-24.846117526971824,-43.93826965437167
435,1.9248434237995822,14.86608411627085,-9.165746974585511,18.100451918053764,7.987953831401451,-108.66566056380452,-55.070270111662786
436,1.9331941544885176,15.01149885482071,-9.101220640098797,16.49305982117992,7.435116498884079,-276.3047466374741,-77.33427102624557
437,1.9373695198329852,15.077711354417808,-9.07088276792146,15.164397949965357,7.08897757923944,-360.12428967430674,-88.46627148353667
438,1.9457202505219204,15.189491282623644,-9.015027972131477,11.331793786824658,6.257259233178255,-557.7844073978979,-110.73027239811887
439,1.949895615866388,15.23165638357367,-8.989899191891894,8.796514301109458,5.771679806761705,-656.6144662596936,-121.86227285540994
440,1.9540709812108557,15.262374280819738,-8.966894919004623,5.84858321263102,5.239620211421187,-755.4445251214892,-132.99427331270107
441,1.9582463465553235,15.279922003160339,-8.94620922515619,2.488000521389157,4.661080447156664,-854.2745839832899,-144.12627376999274
442,1.962421711899791,15.282576579393949,-8.928036182033132,-1.285233772615773,4.0360605139681995,-953.1046428450856,-155.25827422728386
443,1.9665970772442587,15.268615038319062,-8.912569861321973,-5.471119669383937,3.3645604118557646,-1051.9347017068812,-166.39027468457496
444,1.9707724425887263,15.236314408734154,-8.900004334709248,-10.069657168915336,2.6465801408193594,-1150.7647605686768,-177.52227514186603
445,1.974947807933194,15.183951719437708,-8.890533673881485,-15.080846271209976,1.8821197008589827,-1249.5948194304726,-188.65427559915713
446,1.9791231732776615,15.109803999228205,-8.884351950525211,-20.50468697626784,1.0711790919746353,-1348.424878292268,-199.78627605644826
447,1.9832985386221293,15.012148276904131,-8.881653236326962,-26.34117928408927,0.2137583141662711,-1447.2549371540688,-210.9182765137399
448,1.987473903966597,14.889261581263973,-8.882631602973266,-32.59032319467363,-0.6901426325660207,-1546.0849960158644,-222.05027697103105
449,1.9916492693110646,14.739420941106214,-8.88748112215065,-39.25211870802123,-1.6405237482222825,-1644.91505487766,-233.18227742832212
450,1.9958246346555322,14.560903385229334,-8.89639586554565,-46.32656582413206,-2.637385032802516,-1743.7451137394555,-244.31427788561322
451,2.0,14.351985942431806,-8.90956990484479,-53.81366454300654,-3.680726486306776,-1842.5751726012566,-255.44627834290492
