pt1_cam1_X,pt1_cam1_Y,pt2_cam1_X,pt2_cam1_Y,pt3_cam1_X,pt3_cam1_Y,pt4_cam1_X,pt4_cam1_Y,pt5_cam1_X,pt5_cam1_Y,pt6_cam1_X,pt6_cam1_Y
NaN,NaN,NaN,NaN,NaN,NaN,NaN,NaN,NaN,NaN,NaN,NaN
NaN,NaN,NaN,NaN,NaN,NaN,NaN,NaN,NaN,NaN,NaN,NaN
NaN,NaN,NaN,NaN,NaN,NaN,NaN,NaN,NaN,NaN,NaN,NaN
NaN,NaN,NaN,NaN,NaN,NaN,NaN,NaN,NaN,NaN,NaN,NaN
NaN,NaN,NaN,NaN,NaN,NaN,NaN,NaN,NaN,NaN,NaN,NaN
NaN,NaN,NaN,NaN,NaN,NaN,NaN,NaN,NaN,NaN,NaN,NaN
NaN,NaN,NaN,NaN,NaN,NaN,NaN,NaN,NaN,NaN,2.383470,351.109028
NaN,NaN,NaN,NaN,NaN,NaN,NaN,NaN,NaN,NaN,9.896248,340.778959
NaN,NaN,NaN,NaN,NaN,NaN,NaN,NaN,NaN,NaN,12.713539,335.144376
NaN,NaN,NaN,NaN,NaN,NaN,NaN,NaN,NaN,NaN,13.652636,331.387988
NaN,NaN,NaN,NaN,NaN,NaN,NaN,NaN,NaN,NaN,12.713539,329.509793
NaN,NaN,NaN,NaN,NaN,NaN,NaN,NaN,NaN,NaN,13.030000,331.390000
NaN,NaN,NaN,NaN,NaN,NaN,NaN,NaN,NaN,NaN,10.835345,324.814307
NaN,NaN,NaN,NaN,NaN,NaN,NaN,NaN,NaN,NaN,10.390000,324.350000
NaN,NaN,NaN,NaN,NaN,NaN,NaN,NaN,NaN,NaN,12.670000,326.470000
NaN,NaN,NaN,NaN,NaN,NaN,NaN,NaN,NaN,NaN,16.469928,321.057919
NaN,NaN,NaN,NaN,NaN,NaN,NaN,NaN,NaN,NaN,16.469928,322.936113
NaN,NaN,NaN,NaN,NaN,NaN,NaN,NaN,NaN,NaN,19.287219,320.118822
NaN,NaN,NaN,NaN,NaN,NaN,NaN,NaN,NaN,NaN,20.226316,321.057919
NaN,NaN,NaN,NaN,NaN,NaN,NaN,NaN,NaN,NaN,21.190000,321.040000
NaN,NaN,NaN,NaN,NaN,NaN,NaN,NaN,NaN,NaN,21.940000,323.530000
NaN,NaN,3.477039,361.012488,NaN,NaN,NaN,NaN,NaN,NaN,24.921802,320.118822
NaN,NaN,7.576945,355.887605,NaN,NaN,NaN,NaN,NaN,NaN,25.860900,319.179724
NaN,NaN,9.626898,355.887605,NaN,NaN,NaN,NaN,NaN,NaN,24.120000,329.740000
NaN,NaN,15.776758,356.912582,NaN,NaN,NaN,NaN,NaN,NaN,24.921802,323.875210
NaN,NaN,16.801735,355.887605,NaN,NaN,4.261665,364.256389,NaN,NaN,28.678191,324.814307
NaN,NaN,17.826711,355.887605,NaN,NaN,9.896248,361.439097,NaN,NaN,28.678191,324.814307
NaN,NaN,21.926618,355.887605,NaN,NaN,14.591733,360.500000,NaN,NaN,27.739094,334.205279
NaN,NaN,23.976571,354.862629,NaN,NaN,18.348122,361.439097,NaN,NaN,30.556385,333.266182
NaN,NaN,29.101454,354.862629,NaN,NaN,20.226316,361.439097,NaN,NaN,29.617288,336.083473
NaN,NaN,30.126431,355.887605,NaN,NaN,22.104511,360.500000,NaN,NaN,28.678191,341.718057
NaN,NaN,31.151407,355.887605,NaN,NaN,23.982705,361.439097,NaN,NaN,34.312774,345.474445
NaN,NaN,36.276290,355.887605,NaN,NaN,26.799997,361.439097,NaN,NaN,35.251871,348.291737
NaN,NaN,34.226337,362.037465,NaN,NaN,29.617288,360.500000,NaN,NaN,36.190968,352.987223
NaN,NaN,40.376197,355.887605,NaN,NaN,32.434580,360.500000,NaN,NaN,39.008260,358.621806
NaN,NaN,43.451126,356.912582,NaN,NaN,37.130066,360.500000,NaN,NaN,39.008260,362.378194
NaN,NaN,45.501080,356.912582,NaN,NaN,39.008260,360.500000,NaN,NaN,40.886454,365.195486
NaN,NaN,46.526056,356.912582,NaN,NaN,40.886454,359.560903,NaN,NaN,39.947357,367.073680
NaN,NaN,50.625963,355.887605,NaN,NaN,42.764649,360.500000,NaN,NaN,41.825551,376.464652
NaN,NaN,51.650939,355.887605,NaN,NaN,45.581940,360.500000,6.139859,356.743611,43.703746,380.221041
NaN,NaN,56.775822,357.937558,NaN,NaN,48.399232,360.500000,8.018053,359.560903,49.338329,386.794721
NaN,NaN,58.825776,357.937558,NaN,NaN,50.277426,359.560903,11.774442,358.621806,49.338329,387.733818
NaN,NaN,60.875729,355.887605,NaN,NaN,54.972912,360.500000,15.530831,358.621806,48.399232,390.551110
NaN,NaN,64.975635,355.887605,NaN,NaN,55.912009,359.560903,17.409025,357.682708,45.581940,394.307498
NaN,NaN,64.975635,356.912582,NaN,NaN,59.668398,359.560903,19.287219,358.621806,46.521037,398.063887
NaN,NaN,68.050565,356.912582,NaN,NaN,59.668398,359.560903,22.104511,358.621806,48.399232,399.002984
NaN,NaN,69.075542,355.887605,NaN,NaN,63.424786,360.500000,27.739094,356.743611,53.094718,404.637567
NaN,NaN,74.200425,354.862629,NaN,NaN,67.181175,360.500000,27.739094,357.682708,56.851106,408.393956
NaN,NaN,76.250378,356.912582,9.626898,337.438026,69.998467,359.560903,31.495483,356.743611,60.607495,409.333053
NaN,NaN,79.325308,356.912582,14.751781,331.288167,71.876661,359.560903,35.050000,356.320000,61.546592,410.272150
NaN,NaN,81.375261,356.912582,16.801735,332.313143,74.693953,359.560903,39.210000,355.520000,70.937564,411.211247
NaN,NaN,84.450191,355.887605,21.926618,330.263190,76.572147,359.560903,41.990000,355.800000,75.633050,413.089442
6.551969,391.761787,85.475167,355.887605,21.926618,330.263190,78.450341,359.560903,44.740000,356.020000,79.389438,412.150345
7.101922,391.736810,86.500144,357.937558,23.976571,330.263190,83.145827,359.560903,48.460000,355.310000,85.024021,417.784928
10.101922,391.711833,92.650004,352.812675,28.076477,329.238213,85.024021,359.560903,50.530000,355.060000,90.658605,414.028539
13.020000,391.930000,94.699957,353.837652,30.126431,329.238213,86.902216,359.560903,52.950000,354.870000,95.850000,413.500000
14.751781,389.711833,96.749910,353.837652,33.201360,329.238213,87.841313,359.560903,55.100000,354.960000,100.850000,413.830000
17.050000,388.950000,99.824840,353.837652,35.251314,328.213237,91.597702,359.560903,58.690000,354.790000,109.440548,411.211247
23.976571,383.561974,103.924746,353.837652,41.401173,329.238213,94.414993,358.621806,61.510000,354.930000,113.196937,409.333053
23.976571,380.487044,105.974699,353.837652,43.451126,329.238213,98.171382,358.621806,62.470000,355.000000,116.014228,409.333053
28.076477,380.487044,110.074606,353.837652,46.526056,328.213237,100.049576,358.621806,63.280000,354.740000,118.831520,409.333053
28.076477,377.412114,111.099583,353.837652,48.576010,327.188260,102.866868,358.621806,65.302981,353.926320,127.283394,402.759373
33.030000,378.110000,113.149536,353.837652,53.700893,329.238213,105.684159,359.560903,NaN,NaN,131.978880,403.698470
35.360000,376.320000,117.249442,352.812675,55.750846,328.213237,109.440548,358.621806,69.998467,353.926320,136.674366,402.759373
38.500000,373.770000,117.249442,353.837652,57.800799,329.238213,108.501451,358.621806,72.815758,353.926320,139.491658,401.820276
41.350000,372.210000,120.324372,353.837652,59.850752,328.213237,113.196937,357.682708,74.693953,352.987223,145.126241,400.881178
46.526056,364.087418,124.424278,353.837652,62.925682,330.263190,114.136034,356.743611,78.450341,353.926320,150.760824,399.002984
53.890000,364.720000,126.474232,352.812675,66.000612,330.263190,118.831520,356.743611,NaN,NaN,153.578115,395.246595
57.400000,361.800000,127.499208,351.787699,69.075542,330.263190,118.831520,356.743611,83.145827,354.865417,157.334504,393.368401
54.725869,355.887605,128.524185,353.837652,71.125495,329.238213,122.587908,356.743611,85.963119,356.743611,160.151795,388.672915
59.450000,355.140000,132.624091,352.812675,74.200425,329.238213,125.405200,355.804514,88.880000,355.910000,167.664573,387.733818
62.490000,353.710000,134.674044,353.837652,76.250378,327.188260,129.161589,356.743611,92.536799,358.621806,171.420962,385.855624
66.000612,346.662816,135.699021,352.812675,79.325308,327.188260,130.100686,356.743611,96.080000,357.680000,174.238253,379.281943
72.380000,344.680000,139.798928,352.812675,84.450191,327.188260,131.978880,356.743611,97.232285,358.621806,177.994642,375.525555
76.250378,338.463003,142.873857,351.787699,86.500144,328.213237,135.735269,355.804514,101.927771,356.743611,181.751030,371.769166
81.375261,337.438026,143.898834,352.812675,89.575074,328.213237,134.796172,356.743611,103.805965,357.682708,187.385613,368.951875
90.600050,328.213237,145.948787,351.787699,90.600050,328.213237,138.552560,355.804514,102.866868,352.987223,189.263808,359.560903
99.000000,323.150000,150.048694,350.762722,94.699957,329.238213,141.369852,356.743611,105.684159,354.865417,192.081099,357.682708
106.820000,321.010000,153.123623,351.787699,96.749910,329.238213,145.126241,356.743611,108.501451,354.865417,193.959294,355.804514
114.174512,315.913518,155.173577,351.787699,101.874793,331.288167,145.126241,357.682708,110.980000,354.990000,192.081099,350.169931
118.274419,311.813611,156.198553,350.762722,103.924746,331.288167,150.760824,356.743611,114.460000,354.730000,197.715682,343.596251
126.474232,309.763658,162.348413,350.762722,104.949723,329.238213,153.578115,356.743611,116.910000,355.330000,200.532974,337.961668
130.574138,307.713705,162.348413,351.787699,105.974699,330.263190,155.456310,356.743611,119.800000,355.600000,201.472071,338.900765
133.390000,307.480000,165.423343,350.762722,108.024653,329.238213,158.273601,355.804514,122.660000,356.240000,202.411168,335.144376
137.748974,304.638775,168.498273,350.762722,111.099583,329.238213,161.090893,356.743611,126.400000,355.850000,202.411168,330.448890
142.873857,299.513892,171.573202,350.762722,114.174512,330.263190,163.908184,356.743611,128.930000,356.290000,202.411168,330.448890
144.923811,298.488915,174.648132,350.762722,118.274419,331.288167,166.725476,356.743611,130.300000,356.400000,200.532974,329.509793
146.390000,300.200000,175.673109,350.762722,122.374325,331.288167,169.542767,356.743611,133.430000,355.780000,202.411168,323.875210
153.123623,296.438962,180.797992,351.787699,124.424278,331.288167,172.360059,356.743611,135.590000,356.190000,205.228460,325.753405
156.198553,295.413985,183.872922,351.787699,126.474232,332.313143,175.177350,356.743611,138.030000,356.000000,205.228460,323.875210
158.248506,296.438962,185.922875,351.787699,128.524185,331.288167,178.933739,356.743611,136.674366,354.865417,206.167557,323.875210
160.380000,298.510000,187.972828,351.787699,129.549161,331.288167,179.872836,356.743611,141.369852,356.743611,208.984848,321.997016
162.348413,297.463939,191.047758,351.787699,133.649068,331.288167,181.751030,358.621806,144.187143,355.804514,209.923946,322.936113
163.820000,299.090000,194.122688,350.762722,134.674044,330.263190,186.446516,357.682708,146.065338,353.926320,210.863043,322.936113
165.140000,299.780000,192.072734,355.887605,136.723998,330.263190,187.385613,357.682708,147.943532,355.804514,211.802140,323.875210
168.498273,299.513892,197.197618,351.787699,139.798928,330.263190,192.081099,358.621806,NaN,NaN,214.619432,323.875210
169.523249,301.563845,204.372454,351.787699,141.848881,331.288167,193.959294,357.682708,152.639018,354.865417,216.860000,324.230000
170.810000,302.140000,204.372454,351.787699,146.973764,332.313143,197.715682,357.682708,155.070000,355.030000,217.436723,326.692502
170.970000,305.090000,206.422407,352.812675,147.998740,334.363097,198.654780,357.682708,157.080000,355.150000,217.880000,328.650000
171.270000,305.350000,206.422407,351.787699,151.073670,333.338120,202.411168,358.621806,161.020000,355.560000,218.440000,332.820000
169.523249,310.788635,210.522313,353.837652,157.223530,332.313143,205.228460,358.621806,163.880000,356.040000,220.254015,332.327085
169.390000,322.380000,210.522313,351.787699,160.298460,331.288167,208.045751,358.621806,166.480000,356.280000,221.193112,335.144376
170.548226,313.863564,215.647196,352.812675,160.298460,333.338120,211.802140,359.560903,168.370000,356.740000,222.020000,336.570000
170.500000,323.980000,218.722126,352.812675,165.423343,332.313143,211.802140,358.621806,171.610000,357.870000,223.180000,341.150000
170.548226,320.013424,218.722126,352.812675,168.498273,331.288167,213.680334,358.621806,173.860000,359.060000,224.010403,341.718057
170.990000,331.950000,222.822033,352.812675,170.548226,331.288167,215.558529,358.621806,177.994642,358.621806,225.888598,342.657154
167.473296,329.238213,224.871986,352.812675,172.598179,330.263190,217.436723,358.621806,181.751030,358.621806,228.705889,349.230834
172.240000,338.020000,227.946916,351.787699,177.723062,330.263190,221.193112,358.621806,185.507419,358.621806,229.644986,357.682708
170.548226,335.388073,233.071799,352.812675,177.723062,332.313143,222.132209,358.621806,187.385613,357.682708,227.766792,361.439097
171.170000,339.490000,234.096775,351.787699,178.748039,332.313143,223.071306,356.743611,186.446516,354.865417,225.888598,367.073680
168.498273,333.338120,236.146729,351.787699,180.797992,331.288167,226.827695,357.682708,194.898391,353.926320,226.827695,370.830069
169.523249,338.463003,237.171705,350.762722,186.947851,330.263190,229.644986,356.743611,193.959294,354.865417,229.644986,379.281943
166.900000,341.890000,239.221658,351.787699,187.972828,329.238213,230.584083,356.743611,197.715682,354.865417,230.584083,379.281943
166.770000,344.450000,243.321565,351.787699,191.047758,330.263190,231.523181,356.743611,198.654780,355.804514,233.401375,381.160138
167.770000,349.280000,247.421471,350.762722,188.997805,330.263190,236.218667,355.804514,202.411168,355.804514,238.096861,382.099235
166.700000,353.810000,249.471424,351.787699,192.072734,330.263190,238.096861,355.804514,205.228460,355.804514,231.523181,383.038332
165.960000,356.350000,253.571331,350.762722,196.172641,328.213237,239.975055,355.804514,207.800000,356.150000,237.157764,385.855624
169.620000,360.680000,255.621284,351.787699,199.247571,329.238213,241.853250,355.804514,209.900000,355.930000,239.975055,387.733818
171.080000,363.800000,255.621284,351.787699,202.322501,329.238213,244.670541,354.865417,212.430000,355.170000,242.792347,393.368401
172.598179,362.037465,258.696214,351.787699,207.447384,329.238213,247.487833,354.865417,214.540000,355.090000,245.609638,394.307498
176.800000,367.210000,261.771144,351.787699,208.472360,328.213237,250.305124,354.865417,217.070000,354.990000,248.240000,395.740000
178.748039,366.137371,266.896027,351.787699,212.572267,328.213237,252.183318,354.865417,219.630000,355.050000,250.710000,397.100000
179.830000,370.110000,266.896027,351.787699,212.572267,328.213237,255.000610,353.926320,223.780000,354.650000,260.635193,402.759373
181.280000,370.990000,267.921003,351.787699,218.722126,328.213237,257.817902,355.804514,227.640000,355.610000,265.330679,400.881178
184.630000,371.110000,272.020910,352.812675,219.747103,327.188260,261.574290,355.804514,230.280000,355.280000,266.269776,401.820276
185.350000,371.080000,274.070863,351.787699,222.822033,327.188260,266.269776,355.804514,233.550000,354.010000,272.843456,401.820276
193.610000,371.030000,278.170769,351.787699,224.871986,327.188260,269.087068,355.804514,236.860000,353.850000,275.660748,402.759373
194.140000,371.050000,280.220723,351.787699,225.896962,326.163284,271.904359,355.804514,239.770000,354.050000,280.356234,402.759373
194.880000,370.990000,282.270676,352.812675,228.971892,327.188260,271.904359,355.804514,242.790000,354.120000,282.234428,403.698470
195.780000,370.990000,286.370582,351.787699,229.996869,327.188260,277.538942,355.804514,245.120000,352.850000,292.564497,400.881178
196.900000,371.030000,289.445512,350.762722,240.246635,326.163284,281.295331,354.865417,247.810000,353.120000,299.138177,400.881178
198.870000,370.980000,289.445512,350.762722,237.171705,326.163284,282.234428,354.865417,250.070000,352.760000,301.016372,400.881178
205.397430,366.137371,291.495465,351.787699,243.321565,326.163284,285.051720,354.865417,251.900000,352.740000,304.370000,400.870000
207.447384,368.187325,293.545419,351.787699,245.371518,326.163284,286.929914,353.926320,255.540000,352.590000,308.529149,399.002984
214.622220,365.112395,294.570395,350.762722,246.396495,325.138307,288.808108,353.926320,258.330000,353.250000,312.000000,398.210000
217.697150,365.112395,298.670302,351.787699,249.471424,323.088354,291.625400,354.865417,260.970000,353.620000,316.041926,399.002984
221.797056,366.137371,301.745231,351.787699,252.546354,325.138307,294.442691,354.865417,261.990000,353.140000,319.900000,398.970000
223.847009,364.087418,300.720255,350.762722,251.521378,323.088354,297.259983,354.865417,265.490000,352.620000,330.128384,396.185693
228.971892,361.012488,304.820161,350.762722,257.671237,323.088354,298.199080,355.804514,267.030000,351.590000,332.006578,398.063887
232.046822,364.087418,308.920068,350.762722,260.746167,323.088354,302.894566,353.926320,268.890000,351.540000,332.006578,401.820276
235.121752,361.012488,310.970021,350.762722,261.771144,322.063377,304.772760,353.926320,270.830000,351.500000,339.519356,396.185693
239.221658,359.987512,314.044951,350.762722,265.871050,322.063377,307.590052,352.987223,274.280000,351.160000,345.153939,396.185693
245.371518,358.962535,316.094904,350.762722,265.871050,322.063377,309.468246,353.926320,276.710000,351.240000,347.032133,395.246595
247.421471,358.962535,319.169834,350.762722,270.995933,321.038401,312.285538,354.865417,278.960000,350.970000,352.666716,395.246595
249.471424,357.937558,320.194810,350.762722,274.070863,320.013424,315.102829,354.865417,279.417137,351.109028,357.362202,394.307498
251.521378,355.887605,321.219787,349.737746,279.195746,320.013424,317.920121,353.926320,280.430000,350.850000,360.179494,393.368401
254.596307,355.887605,325.319693,350.762722,280.220723,321.038401,319.798315,353.926320,283.130000,350.860000,362.996785,393.368401
255.621284,354.862629,329.419600,349.737746,282.270676,321.038401,322.615607,353.926320,284.950000,350.990000,364.874979,392.429304
259.721191,353.837652,330.444576,349.737746,285.345606,320.013424,324.493801,354.865417,288.670000,350.990000,367.692271,392.429304
264.846074,353.837652,333.519506,350.762722,289.445512,320.013424,327.311092,353.926320,291.450000,351.050000,371.448660,389.612012
266.896027,352.812675,334.544483,349.737746,291.495465,318.988447,330.128384,352.987223,293.360000,351.100000,377.083243,390.551110
269.970957,353.837652,338.644389,348.712769,293.545419,318.988447,332.945675,353.926320,295.030000,350.950000,378.022340,391.490207
270.995933,350.762722,337.619413,349.737746,296.620348,318.988447,335.762967,353.926320,297.259983,350.169931,382.717826,386.794721
276.120816,349.737746,340.694342,349.737746,297.645325,317.963471,338.580259,353.926320,298.910000,350.000000,384.596020,391.490207
278.170769,347.687792,343.769272,349.737746,301.745231,317.963471,340.458453,353.926320,300.930000,349.940000,386.474214,388.672915
281.245699,350.762722,347.869179,348.712769,306.870114,318.988447,342.336647,353.926320,302.900000,350.070000,389.291506,392.429304
282.270676,347.687792,348.894155,347.687792,308.920068,317.963471,345.153939,352.987223,306.560000,349.770000,392.108797,388.672915
288.420536,346.662816,351.969085,348.712769,307.895091,318.988447,345.153939,352.987223,309.390000,350.060000,395.865186,388.672915
291.495465,345.637839,354.019038,348.712769,311.994997,316.938494,349.849425,352.987223,311.320000,350.060000,398.682478,386.794721
291.495465,345.637839,356.068992,348.712769,314.044951,316.938494,351.727619,352.987223,314.163732,349.230834,398.682478,385.855624
295.595372,345.637839,358.118945,348.712769,318.144857,316.938494,353.605813,352.048125,316.410000,349.090000,403.377964,385.855624
298.670302,345.637839,362.218851,348.712769,323.269740,314.888541,356.423105,352.048125,318.480000,349.100000,400.560672,384.916527
300.720255,343.587886,365.293781,348.712769,325.319693,315.913518,359.240396,352.987223,320.190000,349.100000,404.317061,386.794721
303.795185,346.662816,369.393687,347.687792,327.369647,315.913518,360.179494,352.987223,324.493801,349.230834,405.256158,385.855624
306.870114,343.587886,372.468617,347.687792,330.444576,316.938494,363.935882,352.987223,326.470000,349.150000,412.768935,384.916527
308.920068,342.562909,372.468617,349.737746,335.569459,314.888541,365.814077,352.987223,328.400000,349.110000,413.708032,385.855624
311.994997,343.587886,373.493594,348.712769,334.544483,315.913518,367.692271,352.048125,330.030000,348.980000,411.829838,388.672915
311.994997,342.562909,373.493594,348.712769,338.644389,313.863564,370.509562,352.048125,335.762967,349.230834,415.586227,387.733818
315.069927,341.537933,377.593500,348.712769,340.694342,313.863564,370.509562,352.048125,338.360000,349.090000,414.647130,389.612012
317.119881,342.562909,381.693407,349.737746,343.769272,313.863564,374.265951,352.048125,340.380000,349.130000,418.403518,391.490207
322.244764,344.612863,382.718383,348.712769,344.794249,315.913518,374.265951,352.048125,342.420000,349.110000,420.281713,391.490207
318.144857,344.612863,384.768337,348.712769,347.869179,315.913518,377.083243,352.048125,345.460000,348.830000,422.159907,391.490207
322.244764,345.637839,387.843266,348.712769,350.944109,313.863564,380.839631,352.048125,347.130000,349.180000,421.220810,391.490207
324.294717,342.562909,389.893220,347.687792,355.044015,311.813611,381.778729,352.048125,348.950000,348.960000,422.159907,390.551110
328.394623,344.612863,391.943173,347.687792,356.068992,314.888541,385.535117,352.048125,350.800000,349.070000,424.038101,392.429304
329.419600,345.637839,395.018103,348.712769,359.143921,313.863564,388.352409,352.048125,354.480000,348.900000,425.916296,392.429304
333.519506,347.687792,393.993126,349.737746,360.168898,313.863564,390.230603,352.048125,355.950000,348.890000,426.855393,393.368401
328.460000,349.960000,398.093032,349.737746,367.343734,311.813611,392.108797,352.048125,357.930000,349.060000,426.855393,392.429304
330.940000,349.520000,401.167962,349.737746,368.368711,312.838588,393.986992,352.987223,361.600000,348.790000,430.611782,394.307498
335.000000,349.900000,402.192939,349.737746,371.443641,312.838588,395.865186,352.987223,364.090000,349.090000,431.550879,396.185693
336.900000,350.770000,406.292845,350.762722,373.493594,311.813611,397.743380,352.048125,365.940000,349.050000,433.429073,394.307498
337.240000,350.890000,408.342799,350.762722,375.543547,309.763658,398.682478,352.048125,367.790000,348.680000,432.489976,393.368401
337.900000,350.440000,411.417728,350.762722,376.568524,310.788635,403.377964,352.987223,371.570000,348.950000,437.185462,398.063887
339.200000,349.830000,414.492658,350.762722,379.643454,311.813611,405.256158,353.926320,374.020000,349.040000,438.124559,398.063887
339.560000,350.020000,413.467682,351.787699,384.768337,309.763658,408.073449,353.926320,376.020000,348.700000,438.124559,396.185693
342.710000,349.890000,417.567588,351.787699,383.743360,310.788635,410.890741,352.987223,377.900000,347.290000,438.124559,397.124790
344.290000,350.980000,417.567588,351.787699,386.818290,310.788635,412.768935,354.865417,381.380000,346.400000,442.820045,399.002984
346.090000,351.330000,420.642518,353.837652,390.918196,310.788635,413.708032,355.804514,383.030000,346.040000,442.820045,397.124790
346.680000,351.150000,424.742424,353.837652,396.043079,309.763658,415.586227,355.804514,384.910000,346.010000,444.698239,399.002984
348.950000,352.270000,426.792377,354.862629,398.093032,309.763658,418.403518,354.865417,386.870000,345.950000,445.637336,397.124790
348.894155,349.737746,426.792377,353.837652,401.167962,309.763658,420.281713,354.865417,390.590000,345.760000,447.515531,398.063887
354.019038,351.787699,428.842331,354.862629,402.192939,309.763658,424.038101,356.743611,393.280000,345.710000,448.454628,399.942081
355.830000,352.370000,430.892284,354.862629,406.292845,310.788635,427.794490,356.743611,393.540000,345.530000,448.454628,399.942081
360.168898,352.812675,432.942237,354.862629,410.392752,310.788635,427.794490,356.743611,395.780000,345.810000,450.332822,399.942081
363.243828,355.887605,433.967214,353.837652,411.417728,310.788635,428.733587,356.743611,399.750000,345.680000,452.211017,396.185693
363.243828,355.887605,438.067120,354.862629,413.467682,308.738681,432.489976,355.804514,402.430000,345.820000,454.089211,397.124790
365.293781,359.987512,439.092097,354.862629,416.542611,307.713705,432.489976,355.804514,403.110000,345.360000,454.089211,397.124790
365.293781,358.962535,442.167027,356.912582,417.567588,309.763658,435.307267,355.804514,406.090000,344.860000,459.723794,397.124790
367.343734,359.987512,444.216980,355.887605,421.667494,308.738681,437.185462,356.743611,407.690000,344.830000,461.601988,396.185693
371.443641,362.037465,447.291910,356.912582,422.692471,306.688728,436.246365,356.743611,409.880000,345.030000,465.358377,395.246595
370.418664,359.987512,448.316886,356.912582,424.742424,306.688728,440.002753,355.804514,411.920000,344.460000,468.175669,396.185693
374.518571,361.012488,450.366839,356.912582,428.842331,306.688728,442.820045,355.804514,414.390000,343.810000,469.114766,395.246595
375.543547,364.087418,452.416793,357.937558,431.917260,306.688728,443.759142,356.743611,416.700000,344.070000,473.810252,394.307498
377.593500,365.112395,454.466746,358.962535,432.942237,304.638775,445.637336,356.743611,418.950000,344.090000,476.627543,395.246595
377.593500,367.162348,455.491722,358.962535,436.017167,303.613798,447.515531,358.621806,420.910000,344.010000,477.566640,396.185693
379.643454,366.137371,457.541676,358.962535,439.092097,304.638775,449.393725,356.743611,422.159907,343.596251,481.323029,396.185693
381.693407,367.162348,458.566652,358.962535,441.142050,304.638775,451.271919,358.621806,423.780000,343.800000,484.140321,395.246595
384.768337,368.187325,461.641582,359.987512,442.167027,304.638775,455.028308,358.621806,425.330000,343.980000,486.018515,396.185693
380.668430,370.237278,464.716512,358.962535,443.192003,304.638775,455.967405,358.621806,426.720000,344.150000,490.714001,395.246595
382.718383,368.187325,464.716512,359.987512,448.316886,304.638775,456.906502,359.560903,431.550879,344.535348,490.714001,395.246595
388.868243,368.187325,467.791442,361.012488,449.341863,304.638775,461.601988,358.621806,433.429073,345.474445,493.531292,396.185693
388.868243,370.237278,470.866372,362.037465,454.466746,304.638775,461.601988,359.560903,435.680000,345.710000,497.287681,395.246595
390.918196,370.237278,471.891348,363.062442,454.466746,304.638775,462.541086,360.500000,437.890000,346.020000,497.287681,395.246595
391.943173,370.237278,472.916325,363.062442,457.541676,304.638775,465.358377,360.500000,440.400000,345.450000,501.983167,396.185693
393.993126,370.237278,475.991255,364.087418,457.541676,304.638775,468.175669,360.500000,441.410000,344.560000,502.922264,394.307498
397.068056,370.237278,477.016231,364.087418,459.591629,303.613798,468.175669,360.500000,442.810000,344.410000,504.800458,395.246595
398.093032,371.262254,479.066184,365.112395,461.641582,303.613798,470.053863,360.500000,444.540000,343.730000,506.678653,397.124790
399.118009,371.262254,484.191067,365.112395,462.666559,302.588822,473.810252,360.500000,446.110000,343.650000,509.495944,398.063887
401.167962,373.312208,486.241021,365.112395,467.791442,301.563845,474.749349,360.500000,447.870000,343.870000,512.313236,396.185693
403.217915,372.287231,487.265997,364.087418,472.916325,302.588822,477.566640,360.500000,450.320000,344.110000,515.130527,395.246595
404.242892,372.287231,486.241021,364.087418,468.816418,301.563845,478.505737,361.439097,453.010000,344.000000,518.886916,395.246595
406.550000,372.020000,487.265997,365.112395,471.891348,300.538868,480.383932,362.378194,455.260000,344.520000,522.643305,398.063887
408.800000,371.910000,492.390880,364.087418,474.966278,300.538868,484.140321,361.439097,456.860000,345.170000,523.582402,397.124790
410.630000,371.970000,493.415857,365.112395,477.016231,300.538868,484.140321,362.378194,458.830000,345.690000,522.643305,399.002984
412.700000,371.990000,493.415857,365.112395,478.041208,300.538868,486.018515,361.439097,462.550000,345.950000,532.973374,399.002984
415.290000,372.080000,496.490787,366.137371,482.141114,301.563845,487.896709,362.378194,463.480183,347.352640,534.851568,399.002984
417.070000,371.990000,498.540740,366.137371,484.191067,301.563845,488.835806,362.378194,465.000000,348.200000,533.912471,399.002984
418.690000,372.030000,499.565717,367.162348,485.216044,300.538868,489.774904,362.378194,466.160000,348.060000,532.973374,399.942081
420.040000,371.990000,499.565717,367.162348,486.241021,301.563845,494.470389,364.256389,467.630000,346.960000,536.729762,397.124790
421.800000,371.990000,503.665623,367.162348,491.365904,301.563845,497.287681,363.317292,471.932057,347.352640,538.607957,397.124790
422.900000,372.020000,500.590693,368.187325,492.390880,301.563845,499.165875,363.317292,474.749349,346.413542,540.486151,397.124790
424.100000,372.010000,505.715576,366.137371,494.440834,300.538868,501.044070,364.256389,478.050000,345.850000,541.425248,397.124790
426.480000,372.020000,508.790506,366.137371,496.490787,301.563845,502.922264,364.256389,477.566640,347.352640,544.242540,397.124790
427.640000,371.990000,510.840459,367.162348,499.565717,302.588822,502.922264,364.256389,478.505737,349.230834,544.242540,397.124790
429.100000,372.010000,511.865436,367.162348,501.615670,302.588822,505.739556,364.256389,483.201223,348.291737,546.120734,394.307498
430.050000,372.010000,513.915389,371.262254,499.565717,303.613798,505.739556,364.256389,483.201223,348.291737,547.998928,396.185693
432.400000,371.980000,514.940366,369.212301,501.615670,301.563845,508.556847,365.195486,485.130000,346.950000,551.755317,394.307498
432.870000,372.000000,515.965342,370.237278,506.740553,301.563845,510.435041,365.195486,487.896709,346.413542,552.694414,393.368401
434.230000,372.000000,518.015295,370.237278,505.715576,301.563845,512.313236,365.195486,489.700000,346.130000,551.755317,395.246595
440.117073,369.212301,521.090225,369.212301,506.740553,302.588822,515.130527,365.195486,490.714001,348.291737,555.511706,396.185693
442.167027,372.287231,522.115202,369.212301,508.790506,301.563845,516.069624,365.195486,491.653098,349.230834,560.207192,397.124790
445.241956,369.212301,525.190132,369.212301,512.890412,301.563845,517.008722,366.134583,497.287681,344.535348,562.085386,397.124790
448.316886,371.262254,524.165155,371.262254,513.915389,301.563845,518.886916,366.134583,498.226778,342.657154,563.024483,397.124790
448.316886,369.212301,526.215108,370.237278,516.990319,304.638775,519.826013,366.134583,499.165875,342.657154,566.780872,396.185693
449.341863,368.187325,529.290038,371.262254,520.065249,302.588822,522.643305,366.134583,501.983167,341.718057,568.659066,396.185693
452.416793,369.212301,529.290038,371.262254,520.065249,304.638775,523.582402,366.134583,501.983167,342.657154,569.598163,396.185693
454.466746,369.212301,532.364968,370.237278,518.015295,302.588822,525.460596,366.134583,503.861361,341.718057,573.354552,397.124790
453.441769,369.212301,533.389945,371.262254,526.215108,302.588822,527.338791,368.012777,507.617750,341.718057,574.293649,396.185693
456.516699,372.287231,535.439898,371.262254,528.265062,303.613798,529.216985,367.073680,510.435041,342.657154,575.232746,393.368401
457.541676,370.237278,537.489851,371.262254,528.265062,303.613798,530.156082,367.073680,510.435041,342.657154,576.171844,396.185693
457.541676,371.262254,539.539804,370.237278,529.290038,303.613798,532.973374,367.073680,511.374139,342.657154,578.989135,393.368401
461.641582,371.262254,539.539804,371.262254,533.389945,302.588822,534.851568,367.073680,515.130527,342.657154,582.745524,392.429304
463.691535,370.237278,540.564781,374.337184,535.439898,303.613798,536.729762,368.012777,516.069624,342.657154,584.623718,392.429304
464.716512,371.262254,543.639711,374.337184,534.414921,305.663752,537.668859,368.951875,518.886916,342.657154,588.380107,392.429304
465.741489,369.212301,544.664687,371.262254,536.464874,305.663752,538.607957,368.012777,517.947819,342.657154,588.380107,391.490207
469.841395,371.262254,546.714640,373.312208,539.539804,305.663752,540.486151,368.012777,523.582402,342.657154,591.197398,393.368401
471.891348,370.237278,546.714640,373.312208,543.639711,306.688728,544.242540,368.951875,522.643305,343.596251,592.136496,392.429304
472.916325,371.262254,548.764594,374.337184,544.664687,306.688728,545.181637,368.951875,524.521499,343.596251,594.953787,391.490207
477.016231,370.237278,551.839524,374.337184,543.639711,305.663752,547.059831,368.951875,525.460596,343.596251,594.953787,391.490207
474.966278,372.287231,553.889477,374.337184,544.664687,307.713705,547.998928,368.951875,528.277888,343.596251,596.831981,389.612012
479.066184,370.237278,555.939430,373.312208,546.714640,307.713705,548.938026,368.951875,529.216985,343.596251,599.649273,391.490207
481.116138,373.312208,556.964407,374.337184,550.814547,306.688728,548.938026,368.951875,531.095179,343.596251,601.527467,390.551110
481.116138,372.287231,556.964407,374.337184,550.814547,307.713705,550.816220,368.951875,532.973374,343.596251,601.527467,390.551110
482.141114,371.262254,555.939430,374.337184,553.889477,307.713705,552.694414,369.890972,536.729762,343.596251,605.283856,388.672915
486.241021,372.287231,560.039336,374.337184,556.964407,309.763658,554.572609,369.890972,537.668859,342.657154,606.222953,390.551110
490.340927,371.262254,562.089290,374.337184,560.039336,309.763658,556.450803,370.830069,536.729762,341.718057,608.101147,392.429304
489.315950,371.262254,562.089290,374.337184,561.064313,307.713705,559.268094,369.890972,534.851568,342.657154,609.979342,390.551110
493.415857,372.287231,564.139243,374.337184,562.089290,308.738681,559.268094,369.890972,538.607957,342.657154,610.918439,387.733818
494.440834,373.312208,566.189196,374.337184,565.164219,308.738681,560.207192,370.830069,542.364345,343.596251,611.857536,387.733818
498.540740,372.287231,569.264126,374.337184,565.164219,309.763658,561.146289,370.830069,543.303442,342.657154,615.613925,388.672915
500.590693,374.337184,569.264126,374.337184,568.239149,309.763658,563.024483,369.890972,545.181637,343.596251,615.613925,388.672915
502.640646,374.337184,573.364032,375.362161,572.339056,311.813611,563.963580,369.890972,543.303442,341.718057,618.431216,386.794721
501.615670,374.337184,573.364032,375.362161,573.364032,312.838588,564.902677,368.951875,548.938026,342.657154,620.309411,387.733818
502.640646,374.337184,572.339056,376.387137,574.389009,312.838588,566.780872,368.951875,548.938026,341.718057,624.065799,384.916527
508.790506,375.362161,575.413985,375.362161,579.513892,312.838588,568.659066,368.951875,549.877123,341.718057,625.943994,387.733818
506.740553,376.387137,576.438962,375.362161,581.563845,311.813611,569.598163,369.890972,551.755317,341.718057,626.883091,386.794721
510.840459,375.362161,578.488915,374.337184,578.488915,311.813611,571.476358,370.830069,551.755317,342.657154,626.883091,384.916527
511.865436,376.387137,579.513892,374.337184,578.488915,312.838588,572.415455,370.830069,553.633511,343.596251,627.822188,384.916527
513.915389,375.362161,582.588822,374.337184,583.613798,312.838588,574.293649,370.830069,555.511706,341.718057,629.700382,383.977429
514.940366,377.412114,583.613798,375.362161,587.713705,312.838588,575.232746,368.951875,558.328997,340.778959,633.456771,383.038332
515.965342,377.412114,583.613798,376.387137,589.763658,313.863564,577.110941,368.951875,555.511706,340.778959,630.639480,383.038332
515.965342,375.362161,585.663752,377.412114,588.738681,315.913518,577.110941,368.951875,557.389900,340.778959,635.334966,379.281943
521.090225,376.387137,585.663752,376.387137,593.863564,314.888541,578.989135,368.951875,560.207192,338.900765,636.274063,380.221041
519.040272,376.387137,588.738681,376.387137,594.888541,315.913518,580.867329,368.951875,563.024483,338.900765,638.152257,379.281943
520.065249,376.387137,588.738681,375.362161,596.938494,315.913518,581.806427,368.951875,563.963580,338.900765,639.091354,376.464652
522.115202,376.387137,590.788635,376.387137,597.963471,314.888541,583.684621,368.951875,565.841775,338.900765,637.213160,377.403749
523.140179,376.387137,592.838588,376.387137,598.988447,315.913518,584.623718,369.890972,564.902677,340.778959,640.969549,375.525555
523.140179,374.337184,592.838588,376.387137,598.988447,316.938494,586.501912,370.830069,565.841775,337.961668,643.786840,373.647360
524.165155,374.337184,593.863564,375.362161,598.988447,318.988447,588.380107,369.890972,568.659066,337.022571,644.725937,370.830069
525.190132,374.337184,596.938494,376.387137,602.063377,318.988447,589.319204,369.890972,572.415455,336.083473,645.665034,369.890972
528.265062,371.262254,597.963471,375.362161,606.163284,320.013424,591.197398,368.951875,570.537261,338.900765,646.604132,370.830069
528.265062,373.312208,598.988447,376.387137,606.163284,318.988447,593.075593,368.951875,574.293649,337.961668,646.604132,368.951875
528.265062,371.262254,597.963471,376.387137,608.213237,320.013424,594.014690,368.012777,576.171844,338.900765,646.604132,367.073680
528.265062,372.287231,603.088354,374.337184,611.288167,320.013424,594.953787,368.951875,578.050038,338.900765,645.665034,367.073680
528.265062,367.162348,604.113330,375.362161,615.388073,318.988447,596.831981,368.012777,577.110941,339.839862,649.421423,366.134583
529.290038,366.137371,603.088354,377.412114,614.363097,320.013424,597.771079,368.012777,577.110941,338.900765,649.421423,366.134583
530.315015,367.162348,605.138307,376.387137,614.363097,320.013424,599.649273,369.890972,578.989135,340.778959,649.421423,366.134583
534.414921,366.137371,606.163284,376.387137,615.388073,321.038401,600.588370,370.830069,579.928232,340.778959,652.238715,364.256389
532.364968,368.187325,608.213237,375.362161,619.487980,321.038401,602.466564,369.890972,581.806427,338.900765,653.177812,365.195486
534.414921,365.112395,612.313143,376.387137,619.487980,323.088354,602.466564,368.951875,584.623718,338.900765,653.177812,363.317292
535.439898,364.087418,612.313143,375.362161,621.537933,322.063377,604.344759,368.012777,589.319204,338.900765,655.056006,364.256389
536.464874,364.087418,614.363097,375.362161,622.562909,322.063377,607.162050,368.951875,587.441010,339.839862,655.056006,361.439097
536.464874,363.062442,616.413050,375.362161,626.662816,323.088354,608.101147,368.012777,591.197398,339.839862,659.751492,363.317292
540.564781,364.087418,616.413050,375.362161,625.637839,323.088354,609.979342,368.012777,592.136496,341.718057,664.446978,365.195486
544.664687,369.212301,615.388073,376.387137,629.737746,323.088354,610.918439,368.012777,594.014690,341.718057,667.264269,365.195486
545.689664,366.137371,617.438026,375.362161,630.762722,323.088354,612.796633,368.012777,597.771079,342.657154,671.020658,366.134583
549.789570,367.162348,619.487980,375.362161,630.762722,323.088354,613.735731,368.012777,598.710176,341.718057,671.020658,366.134583
552.864500,367.162348,620.512956,375.362161,629.737746,323.088354,615.613925,367.073680,594.953787,341.718057,673.837950,366.134583
557.989383,372.287231,623.587886,373.312208,629.737746,323.088354,616.553022,367.073680,594.953787,339.839862,676.655241,367.073680
561.064313,371.262254,625.637839,373.312208,632.812675,324.113330,617.492119,368.012777,598.710176,339.839862,678.533436,368.012777
561.064313,376.387137,625.637839,374.337184,633.837652,325.138307,618.431216,368.012777,599.649273,340.778959,684.168019,369.890972
562.089290,374.337184,629.737746,372.287231,634.862629,323.088354,620.309411,368.012777,599.649273,341.718057,685.107116,369.890972
568.239149,376.387137,627.687792,374.337184,635.887605,323.088354,622.187605,368.012777,600.588370,340.778959,688.863504,370.830069
571.314079,378.437091,628.712769,373.312208,637.937558,323.088354,624.065799,367.073680,604.344759,339.839862,689.802602,371.769166
572.339056,377.412114,628.712769,373.312208,642.037465,321.038401,624.065799,367.073680,603.405662,339.839862,693.558990,370.830069
573.364032,380.487044,631.787699,372.287231,641.012488,322.063377,625.004897,367.073680,604.344759,340.778959,693.558990,372.708263
577.463939,379.462067,632.812675,372.287231,645.112395,320.013424,627.822188,367.073680,605.283856,338.900765,695.437185,373.647360
579.513892,378.437091,632.812675,372.287231,650.237278,321.038401,626.883091,366.134583,605.283856,339.839862,696.376282,376.464652
581.563845,378.437091,635.887605,371.262254,647.162348,322.063377,628.761285,366.134583,609.040245,338.900765,702.949962,373.647360
584.010000,378.080000,636.912582,371.262254,648.187325,321.038401,631.578577,366.134583,606.222953,339.839862,702.010865,375.525555
586.290000,378.110000,637.937558,370.237278,649.212301,321.038401,633.456771,366.134583,607.162050,338.900765,702.010865,375.525555
588.650000,378.080000,636.912582,372.287231,651.262254,321.038401,631.578577,365.195486,609.979342,337.961668,701.071768,376.464652
589.320000,378.100000,639.987512,371.262254,652.287231,320.013424,633.456771,364.256389,614.674828,339.839862,704.828156,377.403749
590.430000,377.950000,642.037465,369.212301,653.312208,317.963471,636.274063,364.256389,612.796633,339.839862,702.010865,377.403749
596.938494,377.412114,642.037465,371.262254,654.337184,318.988447,635.334966,364.256389,613.735731,339.839862,702.949962,378.342846
594.888541,381.512020,644.087418,369.212301,653.312208,320.013424,638.152257,363.317292,615.613925,338.900765,703.889059,379.281943
595.913518,380.487044,645.112395,368.187325,654.337184,318.988447,640.969549,363.317292,617.492119,338.900765,706.706351,377.403749
597.963471,381.512020,646.137371,368.187325,656.387137,317.963471,641.908646,363.317292,618.431216,338.900765,706.706351,377.403749
597.963471,381.512020,649.212301,371.262254,656.387137,317.963471,643.786840,362.378194,620.309411,336.083473,705.767254,377.403749
596.938494,381.512020,650.237278,368.187325,655.362161,317.963471,644.725937,362.378194,621.248508,337.022571,706.706351,377.403749
597.963471,382.536997,646.137371,368.187325,656.387137,314.888541,643.786840,362.378194,622.187605,337.022571,707.645448,375.525555
594.888541,381.512020,650.237278,368.187325,658.437091,314.888541,644.725937,362.378194,622.187605,335.144376,710.462739,374.586458
595.913518,384.586950,653.312208,365.112395,660.487044,313.863564,645.665034,361.439097,621.248508,336.083473,708.584545,374.586458
593.863564,382.536997,653.312208,367.162348,663.561974,314.888541,647.543229,361.439097,623.126702,335.144376,710.462739,375.525555
598.988447,382.536997,655.362161,367.162348,667.661880,313.863564,646.604132,360.500000,625.004897,334.205279,711.401837,376.464652
594.888541,383.561974,653.312208,366.137371,664.586950,313.863564,648.482326,359.560903,627.822188,334.205279,711.401837,375.525555
594.888541,385.611927,656.387137,366.137371,663.561974,313.863564,651.299618,357.682708,625.943994,333.266182,707.645448,372.708263
595.913518,383.561974,656.387137,365.112395,666.636903,312.838588,651.299618,358.621806,627.822188,332.327085,709.523642,373.647360
594.888541,384.586950,656.387137,365.112395,667.661880,311.813611,651.299618,357.682708,628.761285,332.327085,706.706351,371.769166
594.888541,384.586950,659.462067,365.112395,669.711833,310.788635,655.056006,357.682708,630.639480,331.387988,707.645448,370.830069
593.863564,384.586950,659.462067,364.087418,670.736810,308.738681,655.056006,357.682708,631.578577,331.387988,706.706351,369.890972
592.838588,383.561974,663.561974,364.087418,672.786763,305.663752,655.056006,357.682708,634.395868,330.448890,702.949962,368.951875
593.863564,381.512020,664.586950,364.087418,673.811740,302.588822,656.934201,356.743611,633.456771,330.448890,703.889059,368.012777
589.763658,382.536997,663.561974,364.087418,673.811740,302.588822,658.812395,355.804514,639.091354,328.570696,701.071768,365.195486
588.738681,379.462067,664.586950,362.037465,674.836716,303.613798,658.812395,356.743611,638.152257,329.509793,703.889059,365.195486
592.838588,377.412114,666.636903,364.087418,675.861693,303.613798,659.751492,354.865417,637.213160,328.570696,702.949962,365.195486
590.788635,378.437091,666.636903,365.112395,676.886670,302.588822,660.690589,354.865417,640.969549,324.814307,700.132671,363.317292
590.788635,375.362161,667.661880,366.137371,678.936623,302.588822,661.629686,354.865417,639.091354,325.753405,695.437185,362.378194
591.090000,373.250000,668.686857,364.087418,674.836716,301.563845,663.507881,353.926320,640.030451,324.814307,696.376282,361.439097
588.738681,376.387137,668.686857,364.087418,675.861693,300.538868,664.446978,353.926320,637.213160,321.997016,696.376282,361.439097
587.713705,372.287231,670.736810,363.062442,677.911646,295.413985,664.446978,352.987223,641.908646,321.997016,695.437185,358.621806
589.763658,371.262254,672.786763,362.037465,680.986576,295.413985,665.386075,352.048125,640.969549,321.057919,694.498088,357.682708
588.738681,370.237278,671.761787,362.037465,680.986576,297.463939,666.325172,352.987223,642.847743,320.118822,692.619893,355.804514
589.763658,369.212301,674.836716,362.037465,683.036529,297.463939,667.264269,352.987223,641.908646,321.057919,691.680796,354.865417
590.788635,367.162348,675.861693,361.012488,688.161412,296.438962,669.142464,350.169931,645.665034,321.057919,690.741699,352.048125
591.970000,365.140000,675.861693,361.012488,686.111459,296.438962,669.142464,351.109028,645.665034,320.118822,689.802602,352.048125
592.950000,362.990000,676.886670,362.037465,684.061506,295.413985,671.020658,350.169931,645.665034,320.118822,690.741699,349.230834
590.788635,358.962535,678.936623,361.012488,687.136436,295.413985,671.020658,350.169931,644.725937,320.118822,689.802602,347.352640
591.813611,355.887605,678.936623,359.987512,693.286295,296.438962,671.959755,348.291737,650.360520,318.240627,697.315379,346.413542
591.813611,353.837652,680.986576,359.987512,690.211365,295.413985,672.898853,348.291737,651.299618,319.179724,702.010865,346.413542
592.838588,352.812675,683.036529,359.987512,690.211365,293.364032,673.837950,347.352640,652.238715,319.179724,702.949962,342.657154
592.838588,349.737746,684.061506,357.937558,693.286295,292.339056,677.594338,346.413542,654.116909,317.301530,706.706351,342.657154
593.863564,349.737746,686.111459,357.937558,694.311272,286.189196,676.655241,347.352640,654.116909,318.240627,708.584545,342.657154
593.863564,347.687792,685.086482,356.912582,695.336248,285.164219,678.533436,348.291737,655.056006,316.362433,712.340934,342.657154
595.913518,345.637839,684.061506,356.912582,698.411178,283.114266,680.411630,346.413542,657.873298,315.423336,714.219128,342.657154
600.013424,345.637839,686.111459,354.862629,698.411178,285.164219,681.350727,344.535348,657.873298,314.484238,720.792808,344.535348
600.013424,348.712769,688.161412,355.887605,701.486108,285.164219,682.289824,344.535348,658.812395,315.423336,717.036420,341.718057
603.088354,348.712769,690.211365,354.862629,702.511085,285.164219,682.289824,344.535348,661.629686,313.545141,723.610100,343.596251
606.163284,351.787699,690.211365,354.862629,704.561038,283.114266,683.228921,343.596251,661.629686,313.545141,724.549197,342.657154
609.238213,350.762722,690.211365,353.837652,703.536061,282.089290,685.107116,342.657154,660.690589,311.666947,727.366489,344.535348
607.188260,351.787699,693.286295,353.837652,702.511085,279.014360,684.168019,344.535348,659.751492,310.727850,728.305586,344.535348
612.313143,349.737746,695.336248,354.862629,700.461132,277.989383,685.107116,341.718057,664.446978,310.727850,733.001072,345.474445
614.363097,349.737746,694.311272,351.787699,700.461132,277.989383,688.863504,341.718057,665.386075,310.727850,736.757460,345.474445
619.487980,352.812675,696.361225,351.787699,696.361225,276.964407,686.985310,340.778959,664.446978,310.727850,737.696558,346.413542
619.487980,351.787699,697.386202,350.762722,702.511085,276.964407,688.863504,340.778959,664.446978,308.849655,740.513849,346.413542
622.562909,350.762722,697.386202,348.712769,701.486108,277.989383,688.863504,340.778959,665.386075,308.849655,742.392043,347.352640
627.687792,353.837652,697.386202,350.762722,700.461132,277.989383,691.680796,337.961668,667.264269,306.971461,747.087529,349.230834
629.737746,355.887605,699.436155,349.737746,703.536061,274.914453,691.680796,338.900765,666.325172,306.971461,750.843918,349.230834
632.812675,354.862629,700.461132,348.712769,700.461132,274.914453,693.558990,337.961668,665.386075,307.910558,752.722112,348.291737
636.912582,356.912582,700.461132,347.687792,701.486108,274.914453,693.558990,336.083473,669.142464,306.971461,754.600307,349.230834
642.037465,355.887605,701.486108,346.662816,700.461132,273.889477,696.376282,336.083473,672.898853,306.032364,755.539404,351.109028
643.062442,356.912582,704.561038,343.587886,704.561038,273.889477,697.315379,336.083473,673.837950,307.910558,757.417598,349.230834
646.137371,358.962535,707.635968,343.587886,702.511085,272.864500,696.376282,336.083473,672.898853,307.910558,754.600307,348.291737
651.262254,358.962535,704.561038,343.587886,702.511085,270.814547,697.315379,335.144376,672.898853,306.971461,756.478501,349.230834
653.312208,358.962535,705.586015,343.587886,703.536061,269.789570,699.193573,334.205279,672.898853,306.032364,760.234890,348.291737
657.412114,361.012488,705.586015,342.562909,703.536061,267.739617,699.193573,332.327085,676.655241,305.093267,763.052181,348.291737
658.437091,359.987512,703.536061,340.512956,704.561038,268.764594,699.193573,331.387988,677.594338,304.154170,762.113084,345.474445
659.462067,358.962535,705.586015,341.537933,707.635968,264.664687,701.071768,329.509793,680.411630,302.275975,763.991278,344.535348
664.586950,359.987512,703.536061,340.512956,707.635968,265.689664,703.889059,325.753405,680.411630,301.336878,766.808570,345.474445
668.686857,359.987512,706.610991,337.438026,707.635968,262.614734,703.889059,325.753405,681.350727,302.275975,766.808570,344.535348
669.711833,358.962535,707.635968,338.463003,709.685921,263.639711,703.889059,325.753405,680.411630,302.275975,766.808570,344.535348
668.686857,358.962535,706.610991,338.463003,711.735874,262.614734,703.889059,324.814307,683.228921,300.397781,767.747667,345.474445
670.736810,356.912582,708.660944,336.413050,709.685921,263.639711,705.767254,324.814307,683.228921,300.397781,769.625861,345.474445
672.786763,355.887605,708.660944,337.438026,706.610991,263.639711,706.706351,322.936113,685.107116,298.519587,767.747667,343.596251
675.861693,354.862629,708.660944,336.413050,711.735874,264.664687,706.706351,322.936113,682.289824,299.458684,768.686764,345.474445
676.886670,355.887605,712.760851,335.388073,710.710898,264.664687,706.706351,322.936113,684.168019,298.519587,766.808570,345.474445
676.886670,355.887605,710.710898,334.363097,711.735874,264.664687,708.584545,322.936113,685.107116,298.519587,767.747667,345.474445
676.886670,355.887605,712.760851,332.313143,708.660944,265.689664,706.706351,323.875210,685.107116,299.458684,768.686764,346.413542
676.886670,355.887605,712.760851,334.363097,709.685921,264.664687,708.584545,322.936113,687.924407,298.519587,767.747667,346.413542
675.861693,354.862629,713.785827,333.338120,709.685921,264.664687,708.584545,321.057919,688.863504,298.519587,764.930376,347.352640
675.861693,356.912582,715.835781,331.288167,710.710898,264.664687,710.462739,321.997016,686.985310,299.458684,767.747667,345.474445
676.886670,354.862629,717.885734,331.288167,707.635968,266.714640,710.462739,321.057919,686.046213,297.580489,766.808570,342.657154
676.886670,353.837652,717.885734,330.263190,705.586015,266.714640,710.462739,320.118822,688.863504,298.519587,770.564959,344.535348
676.886670,353.837652,713.785827,329.238213,709.685921,265.689664,710.462739,318.240627,689.802602,297.580489,766.808570,342.657154
674.836716,352.812675,716.860757,330.263190,710.710898,264.664687,714.219128,317.301530,692.619893,297.580489,768.686764,344.535348
671.761787,354.862629,717.885734,327.188260,711.735874,263.639711,713.280031,317.301530,688.863504,299.458684,768.686764,345.474445
670.736810,354.862629,718.910710,327.188260,711.735874,264.664687,715.158225,316.362433,690.741699,299.458684,766.808570,344.535348
669.711833,352.812675,719.935687,326.163284,710.710898,264.664687,715.158225,315.423336,693.558990,296.641392,769.625861,342.657154
669.711833,353.837652,719.935687,327.188260,709.685921,266.714640,716.097323,315.423336,691.680796,297.580489,767.747667,342.657154
669.711833,353.837652,720.960664,328.213237,709.685921,266.714640,717.036420,315.423336,691.680796,299.458684,767.747667,342.657154
667.661880,351.787699,718.910710,327.188260,709.685921,266.714640,717.975517,314.484238,694.498088,297.580489,767.747667,341.718057
667.661880,350.762722,720.960664,324.113330,705.586015,266.714640,717.975517,313.545141,693.558990,298.519587,769.625861,343.596251
666.636903,352.812675,720.960664,325.138307,706.610991,266.714640,717.975517,311.666947,692.619893,296.641392,770.564959,340.778959
666.636903,351.787699,723.010617,324.113330,708.660944,266.714640,718.914614,310.727850,695.437185,297.580489,770.564959,340.778959
666.636903,351.787699,721.985640,323.088354,706.610991,266.714640,719.853711,311.666947,696.376282,298.519587,770.564959,343.596251
665.611927,349.737746,723.010617,324.113330,705.586015,266.714640,720.792808,309.788753,698.254476,298.519587,774.321347,341.718057
664.586950,350.762722,723.010617,323.088354,707.635968,267.739617,719.853711,308.849655,699.193573,299.458684,775.260444,342.657154
663.561974,349.737746,724.035593,324.113330,705.586015,268.764594,720.792808,309.788753,699.193573,298.519587,774.321347,341.718057
665.611927,349.737746,726.085547,320.013424,710.710898,265.689664,721.731906,308.849655,700.132671,297.580489,779.016833,342.657154
666.636903,349.737746,728.135500,320.013424,708.660944,265.689664,723.610100,308.849655,700.132671,299.458684,779.955930,341.718057
666.636903,350.762722,725.060570,321.038401,708.660944,266.714640,723.610100,308.849655,700.132671,298.519587,781.834125,341.718057
667.661880,350.762722,726.085547,318.988447,708.660944,265.689664,724.549197,308.849655,701.071768,299.458684,784.651416,342.657154
666.636903,350.762722,727.110523,318.988447,710.710898,265.689664,725.488294,308.849655,702.949962,297.580489,787.468708,340.778959
669.711833,349.737746,729.160476,318.988447,708.660944,266.714640,725.488294,308.849655,700.132671,298.519587,785.590513,340.778959
669.711833,348.712769,728.135500,318.988447,705.586015,267.739617,723.610100,309.788753,700.132671,298.519587,786.529611,338.900765
670.736810,349.737746,728.135500,317.963471,710.710898,265.689664,725.488294,308.849655,703.889059,299.458684,786.529611,337.022571
672.786763,349.737746,730.185453,317.963471,709.685921,266.714640,728.305586,308.849655,704.828156,298.519587,786.529611,336.083473
672.786763,349.737746,731.210430,318.988447,713.785827,265.689664,727.366489,308.849655,704.828156,298.519587,791.225096,335.144376
672.786763,348.712769,732.235406,316.938494,711.735874,265.689664,727.366489,308.849655,704.828156,298.519587,791.225096,334.205279
675.861693,351.787699,731.210430,317.963471,710.710898,265.689664,728.305586,308.849655,704.828156,298.519587,791.225096,333.266182
678.936623,351.787699,730.185453,317.963471,708.660944,265.689664,727.366489,308.849655,704.828156,298.519587,791.225096,332.327085
675.861693,347.687792,731.210430,317.963471,709.685921,266.714640,728.305586,308.849655,702.949962,297.580489,793.103291,331.387988
677.911646,347.687792,733.260383,316.938494,709.685921,265.689664,728.305586,308.849655,702.949962,297.580489,793.103291,331.387988
678.936623,350.762722,733.260383,316.938494,709.685921,265.689664,728.305586,308.849655,702.949962,299.458684,796.859679,330.448890
679.961599,349.737746,733.260383,316.938494,708.660944,267.739617,730.183780,309.788753,706.706351,300.397781,795.920582,328.570696
680.986576,350.762722,736.335313,316.938494,706.610991,266.714640,730.183780,308.849655,702.949962,299.458684,794.981485,328.570696
680.986576,349.737746,736.335313,315.913518,706.610991,267.739617,731.122877,308.849655,705.767254,298.519587,796.859679,327.631599
679.961599,350.762722,734.285360,315.913518,706.610991,267.739617,731.122877,308.849655,705.767254,300.397781,794.042388,328.570696
682.011553,347.687792,734.285360,316.938494,708.660944,265.689664,732.061974,308.849655,704.828156,299.458684,796.859679,328.570696
683.036529,346.662816,735.310336,316.938494,708.660944,263.639711,732.061974,308.849655,705.767254,300.397781,796.859679,327.631599
684.061506,347.687792,735.310336,315.913518,706.610991,265.689664,732.061974,308.849655,705.767254,300.397781,797.798777,325.753405
685.086482,347.687792,737.360289,315.913518,706.610991,265.689664,732.061974,309.788753,706.706351,299.458684,799.676971,324.814307
685.086482,348.712769,736.335313,314.888541,705.586015,267.739617,731.122877,308.849655,706.706351,300.397781,796.859679,324.814307
690.211365,345.637839,737.360289,315.913518,707.635968,267.739617,733.001072,308.849655,708.584545,300.397781,801.555165,323.875210
688.161412,345.637839,735.310336,317.963471,708.660944,269.789570,733.001072,308.849655,706.706351,299.458684,800.616068,323.875210
689.186389,344.612863,738.385266,315.913518,708.660944,268.764594,733.940169,308.849655,708.584545,300.397781,799.676971,321.057919
690.211365,345.637839,737.360289,316.938494,708.660944,268.764594,733.001072,310.727850,708.584545,300.397781,801.555165,321.997016
689.186389,344.612863,737.360289,316.938494,710.710898,266.714640,733.001072,309.788753,706.706351,300.397781,800.616068,319.179724
691.236342,341.537933,739.410243,315.913518,712.760851,265.689664,733.940169,309.788753,709.523642,302.275975,798.737874,321.057919
692.261319,341.537933,739.410243,314.888541,714.810804,264.664687,733.940169,309.788753,709.523642,300.397781,795.920582,323.875210
693.286295,340.512956,740.435219,317.963471,714.810804,264.664687,733.940169,309.788753,708.584545,300.397781,797.798777,321.997016
692.261319,340.512956,740.435219,316.938494,714.810804,265.689664,733.940169,309.788753,709.523642,298.519587,794.981485,321.997016
693.286295,341.537933,736.335313,316.938494,711.735874,267.739617,734.879266,309.788753,708.584545,300.397781,800.616068,321.057919
692.261319,339.487980,738.385266,317.963471,713.785827,266.714640,733.940169,309.788753,711.401837,299.458684,801.555165,320.118822
693.286295,338.463003,739.410243,316.938494,711.735874,266.714640,733.940169,309.788753,710.462739,300.397781,800.616068,321.997016
693.286295,338.463003,740.435219,317.963471,707.635968,267.739617,734.879266,310.727850,711.401837,299.458684,800.616068,320.118822
693.286295,340.512956,739.410243,316.938494,708.660944,268.764594,734.879266,310.727850,711.401837,301.336878,800.616068,320.118822
693.286295,339.487980,740.435219,317.963471,710.710898,268.764594,734.879266,310.727850,712.340934,299.458684,802.494263,321.057919
692.261319,338.463003,740.435219,318.988447,709.685921,267.739617,735.818363,309.788753,713.280031,299.458684,800.616068,321.997016
693.286295,338.463003,740.435219,320.013424,710.710898,269.789570,736.757460,309.788753,711.401837,300.397781,801.555165,321.997016
695.336248,339.487980,740.435219,317.963471,710.710898,269.789570,735.818363,310.727850,709.523642,301.336878,804.372457,321.997016
694.311272,337.438026,741.460196,317.963471,710.710898,270.814547,735.818363,310.727850,709.523642,304.154170,805.311554,321.997016
694.311272,335.388073,740.435219,317.963471,709.685921,271.839524,735.818363,310.727850,712.340934,302.275975,802.494263,322.936113
693.286295,337.438026,739.410243,318.988447,707.635968,273.889477,735.818363,311.666947,709.523642,301.336878,800.616068,322.936113
694.311272,335.388073,741.460196,318.988447,708.660944,273.889477,735.818363,311.666947,711.401837,302.275975,802.494263,321.057919
694.311272,335.388073,741.460196,320.013424,711.735874,271.839524,735.818363,311.666947,710.462739,301.336878,802.494263,321.997016
695.336248,336.413050,743.510149,318.988447,711.735874,272.864500,735.818363,311.666947,710.462739,301.336878,803.433360,321.997016
695.336248,336.413050,741.460196,320.013424,714.810804,271.839524,736.757460,312.606044,709.523642,304.154170,803.433360,321.997016
694.311272,335.388073,742.485172,320.013424,714.810804,272.864500,736.757460,312.606044,712.340934,304.154170,805.311554,321.997016
696.361225,333.338120,741.460196,320.013424,715.835781,273.889477,736.757460,313.545141,713.280031,304.154170,804.372457,322.936113
695.336248,334.363097,742.485172,318.988447,717.885734,273.889477,736.757460,313.545141,713.280031,304.154170,801.555165,323.875210
695.336248,334.363097,742.485172,318.988447,717.885734,274.914453,737.696558,313.545141,715.158225,303.215072,804.372457,324.814307
697.386202,335.388073,742.485172,320.013424,723.010617,274.914453,737.696558,313.545141,713.280031,303.215072,804.372457,324.814307
696.361225,335.388073,743.510149,320.013424,724.035593,273.889477,736.757460,314.484238,713.280031,302.275975,803.433360,325.753405
696.361225,335.388073,741.460196,320.013424,723.010617,272.864500,737.696558,313.545141,713.280031,304.154170,805.311554,323.875210
696.361225,334.363097,740.435219,320.013424,725.060570,271.839524,736.757460,314.484238,715.158225,303.215072,804.372457,324.814307
695.336248,334.363097,741.460196,320.013424,726.085547,274.914453,735.818363,314.484238,715.158225,305.093267,802.494263,322.936113
694.311272,334.363097,741.460196,320.013424,727.110523,273.889477,737.696558,314.484238,714.219128,304.154170,803.433360,322.936113
695.336248,333.338120,740.435219,320.013424,727.110523,273.889477,736.757460,314.484238,713.280031,304.154170,804.372457,323.875210
696.361225,332.313143,742.485172,321.038401,727.110523,275.939430,737.696558,315.423336,714.219128,303.215072,804.372457,323.875210
699.436155,333.338120,742.485172,320.013424,726.085547,274.914453,737.696558,315.423336,715.158225,305.093267,804.372457,322.936113
699.436155,333.338120,743.510149,322.063377,725.060570,273.889477,737.696558,316.362433,715.158225,304.154170,805.311554,322.936113
699.436155,333.338120,743.510149,321.038401,728.135500,272.864500,738.635655,316.362433,714.219128,305.093267,806.250651,322.936113
700.461132,333.338120,743.510149,321.038401,728.135500,274.914453,737.696558,316.362433,715.158225,304.154170,804.372457,322.936113
694.311272,330.263190,742.485172,321.038401,729.160476,272.864500,738.635655,316.362433,716.097323,306.032364,804.372457,322.936113
692.261319,327.188260,743.510149,321.038401,730.185453,272.864500,738.635655,317.301530,715.158225,306.032364,802.494263,323.875210
691.236342,326.163284,743.510149,321.038401,732.235406,272.864500,737.696558,317.301530,715.158225,305.093267,802.494263,322.936113
692.261319,324.113330,743.510149,321.038401,733.260383,271.839524,738.635655,318.240627,715.158225,306.032364,802.494263,322.936113
692.261319,323.088354,743.510149,321.038401,733.260383,270.814547,738.635655,317.301530,717.036420,306.032364,802.494263,322.936113
690.211365,322.063377,743.510149,321.038401,736.335313,270.814547,738.635655,316.362433,717.036420,305.093267,802.494263,322.936113
690.211365,323.088354,743.510149,321.038401,735.310336,271.839524,739.574752,317.301530,716.097323,306.032364,800.616068,321.057919
690.211365,322.063377,743.510149,321.038401,737.360289,272.864500,738.635655,317.301530,715.158225,304.154170,802.494263,320.118822
690.211365,322.063377,743.510149,321.038401,735.310336,270.814547,739.574752,318.240627,717.036420,306.032364,802.494263,320.118822
689.186389,321.038401,743.510149,321.038401,737.360289,269.789570,739.574752,317.301530,718.914614,304.154170,802.494263,320.118822
688.161412,320.013424,743.510149,321.038401,736.335313,272.864500,739.574752,317.301530,716.097323,305.093267,802.494263,320.118822
686.111459,315.913518,743.510149,320.013424,735.310336,269.789570,738.635655,317.301530,717.036420,306.032364,800.616068,320.118822
689.186389,315.913518,744.535126,322.063377,735.310336,269.789570,738.635655,318.240627,718.914614,304.154170,802.494263,320.118822
688.161412,314.888541,744.535126,322.063377,732.235406,272.864500,738.635655,317.301530,720.792808,304.154170,800.616068,319.179724
688.161412,315.913518,744.535126,322.063377,734.285360,272.864500,738.635655,318.240627,718.914614,306.971461,799.676971,318.240627
685.086482,317.963471,744.535126,322.063377,733.260383,272.864500,738.635655,317.301530,717.036420,307.910558,800.616068,319.179724
683.036529,317.963471,744.535126,322.063377,732.235406,271.839524,738.635655,318.240627,717.036420,310.727850,798.737874,319.179724
685.086482,316.938494,743.510149,322.063377,732.235406,272.864500,737.696558,318.240627,716.097323,308.849655,797.798777,318.240627
687.136436,314.888541,747.610055,323.088354,732.235406,270.814547,738.635655,318.240627,715.158225,310.727850,797.798777,318.240627
685.086482,313.863564,745.560102,322.063377,733.260383,271.839524,738.635655,318.240627,717.975517,309.788753,797.798777,318.240627
685.086482,313.863564,744.535126,324.113330,733.260383,271.839524,738.635655,318.240627,720.792808,309.788753,798.737874,319.179724
685.086482,313.863564,745.560102,326.163284,733.260383,269.789570,738.635655,318.240627,719.853711,307.910558,797.798777,316.362433
684.061506,312.838588,743.510149,325.138307,732.235406,271.839524,738.635655,318.240627,720.792808,306.971461,797.798777,315.423336
685.086482,311.813611,742.485172,325.138307,731.210430,271.839524,738.635655,318.240627,720.792808,306.032364,797.798777,315.423336
684.061506,312.838588,744.535126,325.138307,733.260383,271.839524,738.635655,318.240627,717.036420,306.032364,797.798777,315.423336
684.061506,311.813611,744.535126,325.138307,734.285360,271.839524,738.635655,318.240627,717.975517,307.910558,795.920582,318.240627
684.061506,310.788635,745.560102,326.163284,729.160476,273.889477,738.635655,318.240627,717.036420,308.849655,794.981485,316.362433
683.036529,313.863564,745.560102,326.163284,732.235406,274.914453,738.635655,318.240627,716.097323,306.971461,794.042388,316.362433
682.011553,311.813611,745.560102,326.163284,732.235406,275.939430,738.635655,318.240627,716.097323,306.971461,793.103291,315.423336
682.011553,311.813611,745.560102,326.163284,731.210430,276.964407,738.635655,318.240627,717.036420,308.849655,793.103291,313.545141
682.011553,312.838588,745.560102,326.163284,734.285360,274.914453,738.635655,318.240627,718.914614,306.971461,793.103291,314.484238
682.011553,310.788635,745.560102,326.163284,733.260383,275.939430,738.635655,318.240627,718.914614,306.971461,792.164194,315.423336
683.036529,310.788635,745.560102,326.163284,735.310336,273.889477,738.635655,318.240627,718.914614,307.910558,793.103291,314.484238
682.011553,310.788635,744.535126,326.163284,733.260383,275.939430,738.635655,318.240627,718.914614,306.971461,790.285999,314.484238
682.011553,310.788635,745.560102,326.163284,734.285360,274.914453,738.635655,318.240627,718.914614,306.971461,790.285999,315.423336
680.986576,309.763658,745.560102,326.163284,734.285360,273.889477,738.635655,318.240627,718.914614,306.971461,790.285999,313.545141
680.986576,309.763658,745.560102,326.163284,734.285360,273.889477,738.635655,318.240627,718.914614,306.971461,791.225096,312.606044
680.986576,310.788635,745.560102,326.163284,735.310336,275.939430,738.635655,318.240627,718.914614,306.971461,788.407805,310.727850
682.011553,309.763658,745.560102,326.163284,735.310336,275.939430,738.635655,318.240627,718.914614,306.971461,787.468708,313.545141
679.961599,309.763658,745.560102,326.163284,735.310336,275.939430,738.635655,318.240627,718.914614,306.971461,787.468708,313.545141
678.936623,310.788635,745.560102,326.163284,735.310336,275.939430,738.635655,318.240627,718.914614,306.971461,787.468708,312.606044
684.061506,308.738681,745.560102,326.163284,735.310336,275.939430,739.574752,318.240627,718.914614,306.971461,787.468708,310.727850
680.986576,308.738681,745.560102,326.163284,735.310336,275.939430,739.574752,318.240627,718.914614,306.971461,785.590513,310.727850
680.986576,307.713705,745.560102,326.163284,735.310336,275.939430,739.574752,318.240627,718.914614,306.971461,783.712319,308.849655
682.011553,306.688728,745.560102,326.163284,735.310336,275.939430,739.574752,318.240627,719.853711,306.971461,785.590513,308.849655
682.011553,308.738681,745.560102,326.163284,735.310336,275.939430,739.574752,318.240627,720.792808,306.971461,782.773222,309.788753
683.036529,308.738681,745.560102,326.163284,735.310336,275.939430,739.574752,318.240627,720.792808,306.971461,783.712319,308.849655
680.986576,307.713705,745.560102,326.163284,735.310336,275.939430,739.574752,318.240627,720.792808,306.971461,779.955930,306.971461
682.011553,306.688728,745.560102,326.163284,735.310336,275.939430,739.574752,318.240627,720.792808,306.971461,780.895028,306.971461
682.011553,305.663752,745.560102,326.163284,735.310336,275.939430,740.513849,318.240627,720.792808,306.971461,782.773222,307.910558
683.036529,306.688728,745.560102,326.163284,735.310336,275.939430,740.513849,316.362433,720.792808,306.971461,780.895028,306.971461
684.061506,306.688728,745.560102,326.163284,736.335313,275.939430,740.513849,318.240627,720.792808,306.971461,780.895028,304.154170
683.036529,306.688728,745.560102,326.163284,737.360289,274.914453,741.452946,318.240627,725.488294,306.971461,779.955930,304.154170
684.061506,303.613798,745.560102,326.163284,736.335313,276.964407,741.452946,317.301530,721.731906,306.032364,778.077736,305.093267
684.061506,303.613798,745.560102,326.163284,738.385266,274.914453,741.452946,317.301530,722.671003,306.032364,777.138639,305.093267
685.086482,304.638775,745.560102,326.163284,737.360289,274.914453,741.452946,317.301530,722.671003,306.032364,778.077736,305.093267
686.111459,304.638775,745.560102,326.163284,738.385266,272.864500,741.452946,317.301530,722.671003,306.032364,774.321347,303.215072
685.086482,303.613798,745.560102,326.163284,737.360289,270.814547,740.513849,318.240627,722.671003,306.032364,773.382250,301.336878
684.061506,303.613798,745.560102,326.163284,738.385266,273.889477,741.452946,318.240627,722.671003,306.971461,775.260444,304.154170
684.061506,302.588822,745.560102,326.163284,738.385266,273.889477,741.452946,318.240627,721.731906,306.971461,773.382250,303.215072
687.136436,302.588822,745.560102,327.188260,738.385266,271.839524,741.452946,318.240627,723.610100,305.093267,773.382250,304.154170
687.136436,303.613798,745.560102,327.188260,736.335313,274.914453,741.452946,318.240627,721.731906,306.971461,773.382250,303.215072
687.136436,301.563845,745.560102,326.163284,734.285360,272.864500,741.452946,318.240627,722.671003,306.971461,771.504056,302.275975
688.161412,300.538868,745.560102,327.188260,734.285360,272.864500,742.392043,318.240627,722.671003,307.910558,768.686764,303.215072
688.161412,300.538868,745.560102,327.188260,734.285360,272.864500,742.392043,318.240627,725.488294,307.910558,769.625861,303.215072
689.186389,301.563845,745.560102,327.188260,734.285360,272.864500,742.392043,318.240627,721.731906,309.788753,768.686764,301.336878
691.236342,302.588822,745.560102,327.188260,734.285360,272.864500,742.392043,318.240627,721.731906,308.849655,767.747667,302.275975
691.236342,304.638775,745.560102,327.188260,734.285360,272.864500,742.392043,318.240627,723.610100,308.849655,768.686764,301.336878
691.236342,303.613798,745.560102,327.188260,737.360289,273.889477,742.392043,318.240627,723.610100,309.788753,766.808570,301.336878
689.186389,301.563845,745.560102,327.188260,739.410243,274.914453,743.331141,319.179724,724.549197,308.849655,763.052181,298.519587
687.136436,300.538868,745.560102,327.188260,737.360289,274.914453,743.331141,319.179724,723.610100,309.788753,763.991278,299.458684
690.211365,300.538868,745.560102,327.188260,737.360289,274.914453,742.392043,319.179724,726.427391,306.971461,763.991278,299.458684
691.236342,301.563845,745.560102,327.188260,737.360289,274.914453,742.392043,319.179724,727.366489,306.971461,763.991278,299.458684
690.211365,301.563845,745.560102,327.188260,737.360289,274.914453,742.392043,319.179724,725.488294,307.910558,761.173987,298.519587
693.286295,301.563845,745.560102,327.188260,737.360289,274.914453,742.392043,319.179724,724.549197,307.910558,761.173987,300.397781
694.311272,303.613798,745.560102,327.188260,738.385266,274.914453,743.331141,319.179724,725.488294,308.849655,762.113084,298.519587
693.286295,302.588822,745.560102,327.188260,739.410243,274.914453,743.331141,319.179724,724.549197,307.910558,759.295793,298.519587
692.261319,301.563845,745.560102,327.188260,738.385266,271.839524,743.331141,318.240627,726.427391,306.971461,759.295793,298.519587
692.261319,299.513892,746.585079,327.188260,737.360289,271.839524,743.331141,319.179724,725.488294,306.971461,760.234890,298.519587
695.336248,301.563845,746.585079,326.163284,737.360289,271.839524,743.331141,319.179724,725.488294,307.910558,761.173987,299.458684
695.336248,300.538868,745.560102,326.163284,737.360289,271.839524,743.331141,319.179724,725.488294,307.910558,759.295793,297.580489
694.311272,302.588822,745.560102,326.163284,739.410243,271.839524,743.331141,319.179724,725.488294,307.910558,759.295793,299.458684
695.336248,301.563845,745.560102,326.163284,738.385266,272.864500,743.331141,319.179724,725.488294,306.971461,756.478501,297.580489
696.361225,301.563845,745.560102,326.163284,738.385266,272.864500,743.331141,319.179724,721.731906,307.910558,753.661209,298.519587
699.436155,302.588822,745.560102,326.163284,738.385266,272.864500,743.331141,319.179724,722.671003,308.849655,753.661209,299.458684
696.361225,304.638775,745.560102,326.163284,739.410243,272.864500,743.331141,319.179724,725.488294,308.849655,752.722112,298.519587
699.436155,301.563845,745.560102,326.163284,738.385266,272.864500,744.270238,319.179724,724.549197,308.849655,749.904821,297.580489
699.436155,301.563845,746.585079,326.163284,740.435219,272.864500,744.270238,319.179724,722.671003,307.910558,749.904821,299.458684
702.511085,302.588822,746.585079,326.163284,741.460196,272.864500,744.270238,319.179724,722.671003,308.849655,750.843918,300.397781
701.486108,302.588822,746.585079,326.163284,740.435219,272.864500,744.270238,319.179724,723.610100,308.849655,750.843918,300.397781
701.486108,304.638775,746.585079,326.163284,740.435219,272.864500,744.270238,319.179724,723.610100,308.849655,749.904821,300.397781
704.561038,306.688728,746.585079,326.163284,736.335313,273.889477,744.270238,319.179724,723.610100,308.849655,748.965724,301.336878
704.561038,306.688728,746.585079,326.163284,740.435219,273.889477,744.270238,319.179724,723.610100,308.849655,750.843918,299.458684
703.536061,305.663752,746.585079,326.163284,739.410243,272.864500,744.270238,319.179724,726.427391,309.788753,746.148432,299.458684
708.660944,306.688728,745.560102,326.163284,738.385266,270.814547,744.270238,319.179724,725.488294,309.788753,744.270238,298.519587
703.536061,303.613798,746.585079,327.188260,741.460196,270.814547,744.270238,319.179724,725.488294,309.788753,742.392043,302.275975
706.610991,305.663752,746.585079,327.188260,742.485172,270.814547,744.270238,319.179724,725.488294,309.788753,745.209335,304.154170
708.660944,305.663752,746.585079,327.188260,740.435219,273.889477,744.270238,319.179724,727.366489,310.727850,746.148432,306.032364
710.710898,305.663752,746.585079,327.188260,738.385266,274.914453,744.270238,319.179724,728.305586,308.849655,748.026626,305.093267
709.685921,306.688728,746.585079,327.188260,739.410243,272.864500,744.270238,319.179724,727.366489,309.788753,748.026626,307.910558
710.710898,307.713705,744.535126,327.188260,738.385266,272.864500,744.270238,319.179724,728.305586,307.910558,747.087529,307.910558
710.710898,306.688728,744.535126,327.188260,738.385266,272.864500,744.270238,319.179724,727.366489,308.849655,747.087529,309.788753
711.735874,307.713705,744.535126,327.188260,743.510149,272.864500,744.270238,319.179724,727.366489,308.849655,746.148432,309.788753
712.760851,306.688728,748.635032,327.188260,740.435219,272.864500,744.270238,319.179724,727.366489,308.849655,745.209335,311.666947
712.760851,307.713705,746.585079,326.163284,743.510149,272.864500,744.270238,319.179724,727.366489,309.788753,744.270238,312.606044
712.760851,307.713705,747.610055,326.163284,740.435219,273.889477,744.270238,319.179724,726.427391,309.788753,742.392043,313.545141
713.785827,306.688728,747.610055,326.163284,741.460196,273.889477,744.270238,319.179724,726.427391,309.788753,740.513849,314.484238
711.735874,307.713705,747.610055,326.163284,742.485172,273.889477,744.270238,319.179724,726.427391,309.788753,740.513849,316.362433
716.860757,307.713705,747.610055,326.163284,742.485172,272.864500,744.270238,319.179724,726.427391,309.788753,739.574752,315.423336
714.810804,306.688728,747.610055,326.163284,743.510149,268.764594,745.209335,319.179724,726.427391,309.788753,740.513849,316.362433
715.835781,306.688728,747.610055,326.163284,741.460196,271.839524,745.209335,319.179724,726.427391,309.788753,740.513849,314.484238
715.835781,306.688728,747.610055,326.163284,742.485172,272.864500,745.209335,319.179724,726.427391,309.788753,740.513849,314.484238
715.835781,306.688728,747.610055,326.163284,741.460196,273.889477,744.270238,319.179724,726.427391,309.788753,741.452946,314.484238
716.860757,306.688728,747.610055,326.163284,739.410243,274.914453,744.270238,319.179724,726.427391,309.788753,742.392043,314.484238
717.885734,304.638775,747.610055,326.163284,739.410243,274.914453,746.148432,319.179724,727.366489,309.788753,741.452946,316.362433
720.960664,306.688728,747.610055,326.163284,739.410243,274.914453,746.148432,318.240627,727.366489,309.788753,743.331141,314.484238
721.985640,306.688728,747.610055,326.163284,739.410243,274.914453,746.148432,319.179724,727.366489,309.788753,743.331141,314.484238
724.035593,305.663752,747.610055,326.163284,739.410243,274.914453,745.209335,319.179724,727.366489,309.788753,743.331141,314.484238
724.035593,306.688728,747.610055,326.163284,739.410243,274.914453,746.148432,319.179724,727.366489,309.788753,743.331141,314.484238
724.035593,305.663752,747.610055,326.163284,739.410243,274.914453,746.148432,319.179724,727.366489,309.788753,743.331141,314.484238
723.010617,304.638775,747.610055,326.163284,739.410243,274.914453,746.148432,319.179724,726.427391,309.788753,744.270238,314.484238
725.060570,307.713705,747.610055,326.163284,739.410243,274.914453,746.148432,319.179724,730.183780,309.788753,745.209335,315.423336
726.085547,305.663752,747.610055,326.163284,739.410243,274.914453,746.148432,319.179724,728.305586,307.910558,743.331141,315.423336
727.110523,303.613798,747.610055,326.163284,739.410243,274.914453,746.148432,319.179724,731.122877,309.788753,745.209335,315.423336
727.110523,303.613798,747.610055,326.163284,740.435219,274.914453,746.148432,319.179724,731.122877,311.666947,745.209335,315.423336
728.135500,306.688728,747.610055,326.163284,740.435219,274.914453,745.209335,319.179724,731.122877,311.666947,745.209335,315.423336
728.135500,303.613798,747.610055,326.163284,740.435219,274.914453,745.209335,319.179724,731.122877,311.666947,745.209335,316.362433
728.135500,302.588822,747.610055,326.163284,740.435219,274.914453,745.209335,319.179724,731.122877,311.666947,746.148432,314.484238
NaN,NaN,743.510149,326.163284,740.435219,274.914453,745.209335,319.179724,731.122877,311.666947,745.209335,316.362433
NaN,NaN,743.510149,326.163284,740.435219,274.914453,745.209335,319.179724,731.122877,311.666947,747.087529,315.423336
NaN,NaN,748.635032,325.138307,740.435219,274.914453,745.209335,319.179724,732.061974,311.666947,746.148432,314.484238
NaN,NaN,748.635032,325.138307,740.435219,274.914453,745.209335,319.179724,732.061974,311.666947,745.209335,315.423336
NaN,NaN,747.610055,325.138307,740.435219,274.914453,745.209335,319.179724,732.061974,311.666947,745.209335,315.423336
NaN,NaN,747.610055,325.138307,740.435219,274.914453,745.209335,319.179724,732.061974,311.666947,745.209335,315.423336
NaN,NaN,747.610055,325.138307,740.435219,274.914453,745.209335,319.179724,732.061974,311.666947,745.209335,315.423336
NaN,NaN,747.610055,325.138307,740.435219,274.914453,745.209335,319.179724,732.061974,311.666947,745.209335,315.423336
NaN,NaN,747.610055,325.138307,740.435219,274.914453,745.209335,319.179724,732.061974,311.666947,745.209335,315.423336
NaN,NaN,747.610055,326.163284,740.435219,274.914453,745.209335,319.179724,732.061974,311.666947,745.209335,315.423336
NaN,NaN,747.610055,326.163284,740.435219,274.914453,745.209335,319.179724,732.061974,311.666947,745.209335,316.362433
NaN,NaN,748.635032,323.088354,740.435219,274.914453,745.209335,319.179724,732.061974,311.666947,745.209335,316.362433
NaN,NaN,748.635032,325.138307,740.435219,274.914453,745.209335,319.179724,732.061974,311.666947,745.209335,315.423336
NaN,NaN,748.635032,325.138307,740.435219,274.914453,745.209335,319.179724,732.061974,311.666947,743.331141,315.423336
NaN,NaN,748.635032,325.138307,733.260383,272.864500,745.209335,319.179724,732.061974,311.666947,745.209335,315.423336
NaN,NaN,748.635032,325.138307,733.260383,272.864500,745.209335,319.179724,732.061974,311.666947,745.209335,315.423336
NaN,NaN,748.635032,325.138307,733.260383,272.864500,745.209335,319.179724,732.061974,311.666947,746.148432,315.423336
NaN,NaN,NaN,NaN,NaN,NaN,NaN,NaN,NaN,NaN,746.148432,315.423336
NaN,NaN,NaN,NaN,NaN,NaN,NaN,NaN,NaN,NaN,NaN,NaN
NaN,NaN,NaN,NaN,NaN,NaN,NaN,NaN,NaN,NaN,NaN,NaN
NaN,NaN,NaN,NaN,NaN,NaN,NaN,NaN,NaN,NaN,NaN,NaN
NaN,NaN,NaN,NaN,NaN,NaN,NaN,NaN,NaN,NaN,NaN,NaN
NaN,NaN,NaN,NaN,NaN,NaN,NaN,NaN,NaN,NaN,NaN,NaN
NaN,NaN,NaN,NaN,NaN,NaN,NaN,NaN,NaN,NaN,NaN,NaN
NaN,NaN,NaN,NaN,NaN,NaN,NaN,NaN,NaN,NaN,NaN,NaN
NaN,NaN,NaN,NaN,NaN,NaN,NaN,NaN,NaN,NaN,NaN,NaN
NaN,NaN,NaN,NaN,NaN,NaN,NaN,NaN,NaN,NaN,NaN,NaN
NaN,NaN,NaN,NaN,NaN,NaN,NaN,NaN,NaN,NaN,NaN,NaN
NaN,NaN,NaN,NaN,NaN,NaN,NaN,NaN,NaN,NaN,NaN,NaN
NaN,NaN,NaN,NaN,NaN,NaN,NaN,NaN,NaN,NaN,NaN,NaN
NaN,NaN,NaN,NaN,NaN,NaN,NaN,NaN,NaN,NaN,NaN,NaN
NaN,NaN,NaN,NaN,NaN,NaN,NaN,NaN,NaN,NaN,NaN,NaN
NaN,NaN,NaN,NaN,NaN,NaN,NaN,NaN,NaN,NaN,NaN,NaN
NaN,NaN,NaN,NaN,NaN,NaN,NaN,NaN,NaN,NaN,NaN,NaN
NaN,NaN,NaN,NaN,NaN,NaN,NaN,NaN,NaN,NaN,NaN,NaN
NaN,NaN,NaN,NaN,NaN,NaN,NaN,NaN,NaN,NaN,NaN,NaN
NaN,NaN,NaN,NaN,NaN,NaN,NaN,NaN,NaN,NaN,NaN,NaN
NaN,NaN,NaN,NaN,NaN,NaN,NaN,NaN,NaN,NaN,NaN,NaN
NaN,NaN,NaN,NaN,NaN,NaN,NaN,NaN,NaN,NaN,NaN,NaN
NaN,NaN,NaN,NaN,NaN,NaN,NaN,NaN,NaN,NaN,NaN,NaN
NaN,NaN,NaN,NaN,NaN,NaN,NaN,NaN,NaN,NaN,NaN,NaN
NaN,NaN,NaN,NaN,NaN,NaN,NaN,NaN,NaN,NaN,NaN,NaN
NaN,NaN,NaN,NaN,NaN,NaN,NaN,NaN,NaN,NaN,NaN,NaN
NaN,NaN,NaN,NaN,NaN,NaN,NaN,NaN,NaN,NaN,NaN,NaN
NaN,NaN,NaN,NaN,NaN,NaN,NaN,NaN,NaN,NaN,NaN,NaN
NaN,NaN,NaN,NaN,NaN,NaN,NaN,NaN,NaN,NaN,NaN,NaN
NaN,NaN,NaN,NaN,NaN,NaN,NaN,NaN,NaN,NaN,NaN,NaN
NaN,NaN,NaN,NaN,NaN,NaN,NaN,NaN,NaN,NaN,NaN,NaN
NaN,NaN,NaN,NaN,NaN,NaN,NaN,NaN,NaN,NaN,NaN,NaN
NaN,NaN,NaN,NaN,NaN,NaN,NaN,NaN,NaN,NaN,NaN,NaN
NaN,NaN,NaN,NaN,NaN,NaN,NaN,NaN,NaN,NaN,NaN,NaN
NaN,NaN,NaN,NaN,NaN,NaN,NaN,NaN,NaN,NaN,NaN,NaN
NaN,NaN,NaN,NaN,NaN,NaN,NaN,NaN,NaN,NaN,NaN,NaN
NaN,NaN,NaN,NaN,NaN,NaN,NaN,NaN,NaN,NaN,NaN,NaN
NaN,NaN,NaN,NaN,NaN,NaN,NaN,NaN,NaN,NaN,NaN,NaN
NaN,NaN,NaN,NaN,NaN,NaN,NaN,NaN,NaN,NaN,NaN,NaN
NaN,NaN,NaN,NaN,NaN,NaN,NaN,NaN,NaN,NaN,NaN,NaN
NaN,NaN,NaN,NaN,NaN,NaN,NaN,NaN,NaN,NaN,NaN,NaN
NaN,NaN,NaN,NaN,NaN,NaN,NaN,NaN,NaN,NaN,NaN,NaN
NaN,NaN,NaN,NaN,NaN,NaN,NaN,NaN,NaN,NaN,NaN,NaN
NaN,NaN,NaN,NaN,NaN,NaN,NaN,NaN,NaN,NaN,NaN,NaN
NaN,NaN,NaN,NaN,NaN,NaN,NaN,NaN,NaN,NaN,NaN,NaN
NaN,NaN,NaN,NaN,NaN,NaN,NaN,NaN,NaN,NaN,NaN,NaN
NaN,NaN,NaN,NaN,NaN,NaN,NaN,NaN,NaN,NaN,NaN,NaN
NaN,NaN,NaN,NaN,NaN,NaN,NaN,NaN,NaN,NaN,NaN,NaN
NaN,NaN,NaN,NaN,NaN,NaN,NaN,NaN,NaN,NaN,NaN,NaN
NaN,NaN,NaN,NaN,NaN,NaN,NaN,NaN,NaN,NaN,NaN,NaN
NaN,NaN,NaN,NaN,NaN,NaN,NaN,NaN,NaN,NaN,NaN,NaN
NaN,NaN,NaN,NaN,NaN,NaN,NaN,NaN,NaN,NaN,NaN,NaN
NaN,NaN,NaN,NaN,NaN,NaN,NaN,NaN,NaN,NaN,NaN,NaN
NaN,NaN,NaN,NaN,NaN,NaN,NaN,NaN,NaN,NaN,NaN,NaN
NaN,NaN,NaN,NaN,NaN,NaN,NaN,NaN,NaN,NaN,NaN,NaN
NaN,NaN,NaN,NaN,NaN,NaN,NaN,NaN,NaN,NaN,NaN,NaN
NaN,NaN,NaN,NaN,NaN,NaN,NaN,NaN,NaN,NaN,NaN,NaN
NaN,NaN,NaN,NaN,NaN,NaN,NaN,NaN,NaN,NaN,NaN,NaN
NaN,NaN,NaN,NaN,NaN,NaN,NaN,NaN,NaN,NaN,NaN,NaN
NaN,NaN,NaN,NaN,NaN,NaN,NaN,NaN,NaN,NaN,NaN,NaN
NaN,NaN,NaN,NaN,NaN,NaN,NaN,NaN,NaN,NaN,NaN,NaN
NaN,NaN,NaN,NaN,NaN,NaN,NaN,NaN,NaN,NaN,NaN,NaN
NaN,NaN,NaN,NaN,NaN,NaN,NaN,NaN,NaN,NaN,NaN,NaN
NaN,NaN,NaN,NaN,NaN,NaN,NaN,NaN,NaN,NaN,NaN,NaN
NaN,NaN,NaN,NaN,NaN,NaN,NaN,NaN,NaN,NaN,NaN,NaN
NaN,NaN,NaN,NaN,NaN,NaN,NaN,NaN,NaN,NaN,NaN,NaN
NaN,NaN,NaN,NaN,NaN,NaN,NaN,NaN,NaN,NaN,NaN,NaN
NaN,NaN,NaN,NaN,NaN,NaN,NaN,NaN,NaN,NaN,NaN,NaN
NaN,NaN,NaN,NaN,NaN,NaN,NaN,NaN,NaN,NaN,NaN,NaN
NaN,NaN,NaN,NaN,NaN,NaN,NaN,NaN,NaN,NaN,NaN,NaN
NaN,NaN,NaN,NaN,NaN,NaN,NaN,NaN,NaN,NaN,NaN,NaN
NaN,NaN,NaN,NaN,NaN,NaN,NaN,NaN,NaN,NaN,NaN,NaN
NaN,NaN,NaN,NaN,NaN,NaN,NaN,NaN,NaN,NaN,NaN,NaN
NaN,NaN,NaN,NaN,NaN,NaN,NaN,NaN,NaN,NaN,NaN,NaN
NaN,NaN,NaN,NaN,NaN,NaN,NaN,NaN,NaN,NaN,NaN,NaN
NaN,NaN,NaN,NaN,NaN,NaN,NaN,NaN,NaN,NaN,NaN,NaN
NaN,NaN,NaN,NaN,NaN,NaN,NaN,NaN,NaN,NaN,NaN,NaN
NaN,NaN,NaN,NaN,NaN,NaN,NaN,NaN,NaN,NaN,NaN,NaN
NaN,NaN,NaN,NaN,NaN,NaN,NaN,NaN,NaN,NaN,NaN,NaN
NaN,NaN,NaN,NaN,NaN,NaN,NaN,NaN,NaN,NaN,NaN,NaN
NaN,NaN,NaN,NaN,NaN,NaN,NaN,NaN,NaN,NaN,NaN,NaN
NaN,NaN,NaN,NaN,NaN,NaN,NaN,NaN,NaN,NaN,NaN,NaN
NaN,NaN,NaN,NaN,NaN,NaN,NaN,NaN,NaN,NaN,NaN,NaN
NaN,NaN,NaN,NaN,NaN,NaN,NaN,NaN,NaN,NaN,NaN,NaN
NaN,NaN,NaN,NaN,NaN,NaN,NaN,NaN,NaN,NaN,NaN,NaN
NaN,NaN,NaN,NaN,NaN,NaN,NaN,NaN,NaN,NaN,NaN,NaN
NaN,NaN,NaN,NaN,NaN,NaN,NaN,NaN,NaN,NaN,NaN,NaN
NaN,NaN,NaN,NaN,NaN,NaN,NaN,NaN,NaN,NaN,NaN,NaN
NaN,NaN,NaN,NaN,NaN,NaN,NaN,NaN,NaN,NaN,NaN,NaN
NaN,NaN,NaN,NaN,NaN,NaN,NaN,NaN,NaN,NaN,NaN,NaN
NaN,NaN,NaN,NaN,NaN,NaN,NaN,NaN,NaN,NaN,NaN,NaN
NaN,NaN,NaN,NaN,NaN,NaN,NaN,NaN,NaN,NaN,NaN,NaN
NaN,NaN,NaN,NaN,NaN,NaN,NaN,NaN,NaN,NaN,NaN,NaN
NaN,NaN,NaN,NaN,NaN,NaN,NaN,NaN,NaN,NaN,NaN,NaN
NaN,NaN,NaN,NaN,NaN,NaN,NaN,NaN,NaN,NaN,NaN,NaN
NaN,NaN,NaN,NaN,NaN,NaN,NaN,NaN,NaN,NaN,NaN,NaN
NaN,NaN,NaN,NaN,NaN,NaN,NaN,NaN,NaN,NaN,NaN,NaN
NaN,NaN,NaN,NaN,NaN,NaN,NaN,NaN,NaN,NaN,NaN,NaN
NaN,NaN,NaN,NaN,NaN,NaN,NaN,NaN,NaN,NaN,NaN,NaN
NaN,NaN,NaN,NaN,NaN,NaN,NaN,NaN,NaN,NaN,NaN,NaN
NaN,NaN,NaN,NaN,NaN,NaN,NaN,NaN,NaN,NaN,NaN,NaN
NaN,NaN,NaN,NaN,NaN,NaN,NaN,NaN,NaN,NaN,NaN,NaN
NaN,NaN,NaN,NaN,NaN,NaN,NaN,NaN,NaN,NaN,NaN,NaN
NaN,NaN,NaN,NaN,NaN,NaN,NaN,NaN,NaN,NaN,NaN,NaN
NaN,NaN,NaN,NaN,NaN,NaN,NaN,NaN,NaN,NaN,NaN,NaN
NaN,NaN,NaN,NaN,NaN,NaN,NaN,NaN,NaN,NaN,NaN,NaN
NaN,NaN,NaN,NaN,NaN,NaN,NaN,NaN,NaN,NaN,NaN,NaN
NaN,NaN,NaN,NaN,NaN,NaN,NaN,NaN,NaN,NaN,NaN,NaN
NaN,NaN,NaN,NaN,NaN,NaN,NaN,NaN,NaN,NaN,NaN,NaN
NaN,NaN,NaN,NaN,NaN,NaN,NaN,NaN,NaN,NaN,NaN,NaN
NaN,NaN,NaN,NaN,NaN,NaN,NaN,NaN,NaN,NaN,NaN,NaN
NaN,NaN,NaN,NaN,NaN,NaN,NaN,NaN,NaN,NaN,NaN,NaN
NaN,NaN,NaN,NaN,NaN,NaN,NaN,NaN,NaN,NaN,NaN,NaN
NaN,NaN,NaN,NaN,NaN,NaN,NaN,NaN,NaN,NaN,NaN,NaN
NaN,NaN,NaN,NaN,NaN,NaN,NaN,NaN,NaN,NaN,NaN,NaN
NaN,NaN,NaN,NaN,NaN,NaN,NaN,NaN,NaN,NaN,NaN,NaN
NaN,NaN,NaN,NaN,NaN,NaN,NaN,NaN,NaN,NaN,NaN,NaN
NaN,NaN,NaN,NaN,NaN,NaN,NaN,NaN,NaN,NaN,NaN,NaN
NaN,NaN,NaN,NaN,NaN,NaN,NaN,NaN,NaN,NaN,NaN,NaN
NaN,NaN,NaN,NaN,NaN,NaN,NaN,NaN,NaN,NaN,NaN,NaN
NaN,NaN,NaN,NaN,NaN,NaN,NaN,NaN,NaN,NaN,NaN,NaN
NaN,NaN,NaN,NaN,NaN,NaN,NaN,NaN,NaN,NaN,NaN,NaN
NaN,NaN,NaN,NaN,NaN,NaN,NaN,NaN,NaN,NaN,NaN,NaN
NaN,NaN,NaN,NaN,NaN,NaN,NaN,NaN,NaN,NaN,NaN,NaN
NaN,NaN,NaN,NaN,NaN,NaN,NaN,NaN,NaN,NaN,NaN,NaN
NaN,NaN,NaN,NaN,NaN,NaN,NaN,NaN,NaN,NaN,NaN,NaN
NaN,NaN,NaN,NaN,NaN,NaN,NaN,NaN,NaN,NaN,NaN,NaN
NaN,NaN,NaN,NaN,NaN,NaN,NaN,NaN,NaN,NaN,NaN,NaN
NaN,NaN,NaN,NaN,NaN,NaN,NaN,NaN,NaN,NaN,NaN,NaN
NaN,NaN,NaN,NaN,NaN,NaN,NaN,NaN,NaN,NaN,NaN,NaN
NaN,NaN,NaN,NaN,NaN,NaN,NaN,NaN,NaN,NaN,NaN,NaN
NaN,NaN,NaN,NaN,NaN,NaN,NaN,NaN,NaN,NaN,NaN,NaN
NaN,NaN,NaN,NaN,NaN,NaN,NaN,NaN,NaN,NaN,NaN,NaN
NaN,NaN,NaN,NaN,NaN,NaN,NaN,NaN,NaN,NaN,NaN,NaN
NaN,NaN,NaN,NaN,NaN,NaN,NaN,NaN,NaN,NaN,NaN,NaN
NaN,NaN,NaN,NaN,NaN,NaN,NaN,NaN,NaN,NaN,NaN,NaN
NaN,NaN,NaN,NaN,NaN,NaN,NaN,NaN,NaN,NaN,NaN,NaN
NaN,NaN,NaN,NaN,NaN,NaN,NaN,NaN,NaN,NaN,NaN,NaN
NaN,NaN,NaN,NaN,NaN,NaN,NaN,NaN,NaN,NaN,NaN,NaN
NaN,NaN,NaN,NaN,NaN,NaN,NaN,NaN,NaN,NaN,NaN,NaN
NaN,NaN,NaN,NaN,NaN,NaN,NaN,NaN,NaN,NaN,NaN,NaN
NaN,NaN,NaN,NaN,NaN,NaN,NaN,NaN,NaN,NaN,NaN,NaN
NaN,NaN,NaN,NaN,NaN,NaN,NaN,NaN,NaN,NaN,NaN,NaN
NaN,NaN,NaN,NaN,NaN,NaN,NaN,NaN,NaN,NaN,NaN,NaN
NaN,NaN,NaN,NaN,NaN,NaN,NaN,NaN,NaN,NaN,NaN,NaN
NaN,NaN,NaN,NaN,NaN,NaN,NaN,NaN,NaN,NaN,NaN,NaN
NaN,NaN,NaN,NaN,NaN,NaN,NaN,NaN,NaN,NaN,NaN,NaN
NaN,NaN,NaN,NaN,NaN,NaN,NaN,NaN,NaN,NaN,NaN,NaN
NaN,NaN,NaN,NaN,NaN,NaN,NaN,NaN,NaN,NaN,NaN,NaN
NaN,NaN,NaN,NaN,NaN,NaN,NaN,NaN,NaN,NaN,NaN,NaN
NaN,NaN,NaN,NaN,NaN,NaN,NaN,NaN,NaN,NaN,NaN,NaN
NaN,NaN,NaN,NaN,NaN,NaN,NaN,NaN,NaN,NaN,NaN,NaN
NaN,NaN,NaN,NaN,NaN,NaN,NaN,NaN,NaN,NaN,NaN,NaN
NaN,NaN,NaN,NaN,NaN,NaN,NaN,NaN,NaN,NaN,NaN,NaN
NaN,NaN,NaN,NaN,NaN,NaN,NaN,NaN,NaN,NaN,NaN,NaN
NaN,NaN,NaN,NaN,NaN,NaN,NaN,NaN,NaN,NaN,NaN,NaN
NaN,NaN,NaN,NaN,NaN,NaN,NaN,NaN,NaN,NaN,NaN,NaN
NaN,NaN,NaN,NaN,NaN,NaN,NaN,NaN,NaN,NaN,NaN,NaN
NaN,NaN,NaN,NaN,NaN,NaN,NaN,NaN,NaN,NaN,NaN,NaN
NaN,NaN,NaN,NaN,NaN,NaN,NaN,NaN,NaN,NaN,NaN,NaN
NaN,NaN,NaN,NaN,NaN,NaN,NaN,NaN,NaN,NaN,NaN,NaN
NaN,NaN,NaN,NaN,NaN,NaN,NaN,NaN,NaN,NaN,NaN,NaN
NaN,NaN,NaN,NaN,NaN,NaN,NaN,NaN,NaN,NaN,NaN,NaN
NaN,NaN,NaN,NaN,NaN,NaN,NaN,NaN,NaN,NaN,NaN,NaN
NaN,NaN,NaN,NaN,NaN,NaN,NaN,NaN,NaN,NaN,NaN,NaN
NaN,NaN,NaN,NaN,NaN,NaN,NaN,NaN,NaN,NaN,NaN,NaN
NaN,NaN,NaN,NaN,NaN,NaN,NaN,NaN,NaN,NaN,NaN,NaN
NaN,NaN,NaN,NaN,NaN,NaN,NaN,NaN,NaN,NaN,NaN,NaN
NaN,NaN,NaN,NaN,NaN,NaN,NaN,NaN,NaN,NaN,NaN,NaN
NaN,NaN,NaN,NaN,NaN,NaN,NaN,NaN,NaN,NaN,NaN,NaN
NaN,NaN,NaN,NaN,NaN,NaN,NaN,NaN,NaN,NaN,NaN,NaN
NaN,NaN,NaN,NaN,NaN,NaN,NaN,NaN,NaN,NaN,NaN,NaN
NaN,NaN,NaN,NaN,NaN,NaN,NaN,NaN,NaN,NaN,NaN,NaN
NaN,NaN,NaN,NaN,NaN,NaN,NaN,NaN,NaN,NaN,NaN,NaN
NaN,NaN,NaN,NaN,NaN,NaN,NaN,NaN,NaN,NaN,NaN,NaN
NaN,NaN,NaN,NaN,NaN,NaN,NaN,NaN,NaN,NaN,NaN,NaN
NaN,NaN,NaN,NaN,NaN,NaN,NaN,NaN,NaN,NaN,NaN,NaN
NaN,NaN,NaN,NaN,NaN,NaN,NaN,NaN,NaN,NaN,NaN,NaN
NaN,NaN,NaN,NaN,NaN,NaN,NaN,NaN,NaN,NaN,NaN,NaN
NaN,NaN,NaN,NaN,NaN,NaN,NaN,NaN,NaN,NaN,NaN,NaN
NaN,NaN,NaN,NaN,NaN,NaN,NaN,NaN,NaN,NaN,NaN,NaN
NaN,NaN,NaN,NaN,NaN,NaN,NaN,NaN,NaN,NaN,NaN,NaN
NaN,NaN,NaN,NaN,NaN,NaN,NaN,NaN,NaN,NaN,NaN,NaN
NaN,NaN,NaN,NaN,NaN,NaN,NaN,NaN,NaN,NaN,NaN,NaN
NaN,NaN,NaN,NaN,NaN,NaN,NaN,NaN,NaN,NaN,NaN,NaN
NaN,NaN,NaN,NaN,NaN,NaN,NaN,NaN,NaN,NaN,NaN,NaN
NaN,NaN,NaN,NaN,NaN,NaN,NaN,NaN,NaN,NaN,NaN,NaN
NaN,NaN,NaN,NaN,NaN,NaN,NaN,NaN,NaN,NaN,NaN,NaN
NaN,NaN,NaN,NaN,NaN,NaN,NaN,NaN,NaN,NaN,NaN,NaN
NaN,NaN,NaN,NaN,NaN,NaN,NaN,NaN,NaN,NaN,NaN,NaN
NaN,NaN,NaN,NaN,NaN,NaN,NaN,NaN,NaN,NaN,NaN,NaN
NaN,NaN,NaN,NaN,NaN,NaN,NaN,NaN,NaN,NaN,NaN,NaN
NaN,NaN,NaN,NaN,NaN,NaN,NaN,NaN,NaN,NaN,NaN,NaN
NaN,NaN,NaN,NaN,NaN,NaN,NaN,NaN,NaN,NaN,NaN,NaN
NaN,NaN,NaN,NaN,NaN,NaN,NaN,NaN,NaN,NaN,NaN,NaN
NaN,NaN,NaN,NaN,NaN,NaN,NaN,NaN,NaN,NaN,NaN,NaN
NaN,NaN,NaN,NaN,NaN,NaN,NaN,NaN,NaN,NaN,NaN,NaN
NaN,NaN,NaN,NaN,NaN,NaN,NaN,NaN,NaN,NaN,NaN,NaN
NaN,NaN,NaN,NaN,NaN,NaN,NaN,NaN,NaN,NaN,NaN,NaN
NaN,NaN,NaN,NaN,NaN,NaN,NaN,NaN,NaN,NaN,NaN,NaN
NaN,NaN,NaN,NaN,NaN,NaN,NaN,NaN,NaN,NaN,NaN,NaN
NaN,NaN,NaN,NaN,NaN,NaN,NaN,NaN,NaN,NaN,NaN,NaN
NaN,NaN,NaN,NaN,NaN,NaN,NaN,NaN,NaN,NaN,NaN,NaN
NaN,NaN,NaN,NaN,NaN,NaN,NaN,NaN,NaN,NaN,NaN,NaN
NaN,NaN,NaN,NaN,NaN,NaN,NaN,NaN,NaN,NaN,NaN,NaN
NaN,NaN,NaN,NaN,NaN,NaN,NaN,NaN,NaN,NaN,NaN,NaN
NaN,NaN,NaN,NaN,NaN,NaN,NaN,NaN,NaN,NaN,NaN,NaN
NaN,NaN,NaN,NaN,NaN,NaN,NaN,NaN,NaN,NaN,NaN,NaN
NaN,NaN,NaN,NaN,NaN,NaN,NaN,NaN,NaN,NaN,NaN,NaN
NaN,NaN,NaN,NaN,NaN,NaN,NaN,NaN,NaN,NaN,NaN,NaN
NaN,NaN,NaN,NaN,NaN,NaN,NaN,NaN,NaN,NaN,NaN,NaN
NaN,NaN,NaN,NaN,NaN,NaN,NaN,NaN,NaN,NaN,NaN,NaN
NaN,NaN,NaN,NaN,NaN,NaN,NaN,NaN,NaN,NaN,NaN,NaN
NaN,NaN,NaN,NaN,NaN,NaN,NaN,NaN,NaN,NaN,NaN,NaN
NaN,NaN,NaN,NaN,NaN,NaN,NaN,NaN,NaN,NaN,NaN,NaN
NaN,NaN,NaN,NaN,NaN,NaN,NaN,NaN,NaN,NaN,NaN,NaN
NaN,NaN,NaN,NaN,NaN,NaN,NaN,NaN,NaN,NaN,NaN,NaN
NaN,NaN,NaN,NaN,NaN,NaN,NaN,NaN,NaN,NaN,NaN,NaN
NaN,NaN,NaN,NaN,NaN,NaN,NaN,NaN,NaN,NaN,NaN,NaN
NaN,NaN,NaN,NaN,NaN,NaN,NaN,NaN,NaN,NaN,NaN,NaN
NaN,NaN,NaN,NaN,NaN,NaN,NaN,NaN,NaN,NaN,NaN,NaN
NaN,NaN,NaN,NaN,NaN,NaN,NaN,NaN,NaN,NaN,NaN,NaN
NaN,NaN,NaN,NaN,NaN,NaN,NaN,NaN,NaN,NaN,NaN,NaN
NaN,NaN,NaN,NaN,NaN,NaN,NaN,NaN,NaN,NaN,NaN,NaN
NaN,NaN,NaN,NaN,NaN,NaN,NaN,NaN,NaN,NaN,NaN,NaN
NaN,NaN,NaN,NaN,NaN,NaN,NaN,NaN,NaN,NaN,NaN,NaN
NaN,NaN,NaN,NaN,NaN,NaN,NaN,NaN,NaN,NaN,NaN,NaN
NaN,NaN,NaN,NaN,NaN,NaN,NaN,NaN,NaN,NaN,NaN,NaN
NaN,NaN,NaN,NaN,NaN,NaN,NaN,NaN,NaN,NaN,NaN,NaN
NaN,NaN,NaN,NaN,NaN,NaN,NaN,NaN,NaN,NaN,NaN,NaN
NaN,NaN,NaN,NaN,NaN,NaN,NaN,NaN,NaN,NaN,NaN,NaN
NaN,NaN,NaN,NaN,NaN,NaN,NaN,NaN,NaN,NaN,NaN,NaN
NaN,NaN,NaN,NaN,NaN,NaN,NaN,NaN,NaN,NaN,NaN,NaN
NaN,NaN,NaN,NaN,NaN,NaN,NaN,NaN,NaN,NaN,NaN,NaN
NaN,NaN,NaN,NaN,NaN,NaN,NaN,NaN,NaN,NaN,NaN,NaN
NaN,NaN,NaN,NaN,NaN,NaN,NaN,NaN,NaN,NaN,NaN,NaN
NaN,NaN,NaN,NaN,NaN,NaN,NaN,NaN,NaN,NaN,NaN,NaN
