pt1_cam1_X,pt1_cam1_Y,pt2_cam1_X,pt2_cam1_Y,pt3_cam1_X,pt3_cam1_Y,pt4_cam1_X,pt4_cam1_Y,pt5_cam1_X,pt5_cam1_Y,pt6_cam1_X,pt6_cam1_Y,pt7_cam1_X,pt7_cam1_Y
NaN,NaN,NaN,NaN,NaN,NaN,NaN,NaN,NaN,NaN,NaN,NaN,554.914453,261.589757
NaN,NaN,NaN,NaN,NaN,NaN,NaN,NaN,NaN,NaN,NaN,NaN,555.210000,262.360000
NaN,NaN,NaN,NaN,NaN,NaN,NaN,NaN,NaN,NaN,NaN,NaN,555.180000,262.540000
NaN,NaN,NaN,NaN,NaN,NaN,NaN,NaN,NaN,NaN,NaN,NaN,555.240000,263.580000
NaN,NaN,NaN,NaN,NaN,NaN,NaN,NaN,NaN,NaN,NaN,NaN,555.290000,264.550000
NaN,NaN,NaN,NaN,NaN,NaN,NaN,NaN,NaN,NaN,NaN,NaN,555.160000,265.650000
NaN,NaN,NaN,NaN,NaN,NaN,NaN,NaN,NaN,NaN,NaN,NaN,555.350000,266.740000
NaN,NaN,NaN,NaN,NaN,NaN,NaN,NaN,NaN,NaN,NaN,NaN,559.820000,265.860000
NaN,NaN,NaN,NaN,NaN,NaN,NaN,NaN,NaN,NaN,NaN,NaN,560.940000,266.180000
NaN,NaN,NaN,NaN,NaN,NaN,NaN,NaN,NaN,NaN,NaN,NaN,562.900000,266.580000
NaN,NaN,NaN,NaN,NaN,NaN,NaN,NaN,NaN,NaN,NaN,NaN,563.870000,267.240000
NaN,NaN,NaN,NaN,NaN,NaN,NaN,NaN,NaN,NaN,NaN,NaN,565.050000,267.830000
NaN,NaN,NaN,NaN,NaN,NaN,NaN,NaN,NaN,NaN,NaN,NaN,565.290000,268.300000
NaN,NaN,NaN,NaN,NaN,NaN,NaN,NaN,NaN,NaN,NaN,NaN,565.970000,268.840000
15.776758,128.342799,NaN,NaN,NaN,NaN,NaN,NaN,NaN,NaN,NaN,NaN,566.840000,269.340000
32.176384,124.242892,NaN,NaN,NaN,NaN,NaN,NaN,NaN,NaN,NaN,NaN,567.890000,269.930000
43.451126,128.342799,NaN,NaN,NaN,NaN,NaN,NaN,NaN,NaN,NaN,NaN,568.820000,270.780000
52.675916,129.367775,NaN,NaN,NaN,NaN,NaN,NaN,NaN,NaN,NaN,NaN,569.890000,271.890000
60.875729,131.417728,NaN,NaN,NaN,NaN,NaN,NaN,NaN,NaN,NaN,NaN,570.330000,272.940000
71.125495,133.467682,NaN,NaN,NaN,NaN,NaN,NaN,NaN,NaN,NaN,NaN,570.820000,273.840000
77.275354,134.492658,NaN,NaN,NaN,NaN,NaN,NaN,NaN,NaN,NaN,NaN,571.130000,274.800000
82.400238,135.517635,NaN,NaN,NaN,NaN,NaN,NaN,NaN,NaN,NaN,NaN,571.070000,275.810000
84.450191,137.567588,NaN,NaN,5.526992,91.443641,NaN,NaN,NaN,NaN,NaN,NaN,570.650000,275.670000
87.525121,140.642518,57.800799,144.742424,17.826711,89.393687,NaN,NaN,NaN,NaN,NaN,NaN,570.800000,276.380000
87.525121,144.742424,49.600986,144.742424,23.090000,94.570000,33.201360,142.692471,NaN,NaN,NaN,NaN,571.170000,276.720000
88.550097,142.692471,61.900705,152.942237,32.750000,96.950000,39.351220,142.692471,NaN,NaN,NaN,NaN,571.170000,277.390000
72.150471,144.742424,88.550097,145.767401,42.060000,97.350000,45.501080,143.717448,NaN,NaN,NaN,NaN,571.110000,277.700000
64.975635,138.592565,99.824840,147.817354,52.110000,98.520000,56.775822,144.742424,1.427086,93.493594,NaN,NaN,571.120000,278.300000
49.600986,137.567588,108.390000,148.470000,61.690000,100.170000,68.050565,144.742424,10.651875,96.568524,NaN,NaN,573.700000,278.250000
50.625963,157.042144,115.199489,147.817354,71.180000,100.660000,76.350000,145.720000,18.851688,96.568524,NaN,NaN,575.150000,278.250000
44.476103,149.867307,123.270000,148.830000,79.520000,101.080000,84.370000,146.710000,28.076477,98.618477,NaN,NaN,575.540000,278.770000
44.476103,147.817354,130.890000,150.250000,88.310000,101.220000,92.440000,147.910000,36.276290,98.618477,NaN,NaN,576.200000,279.650000
51.650939,148.842331,140.020000,152.080000,97.090000,101.230000,100.060000,148.960000,41.401173,100.668430,NaN,NaN,576.730000,280.270000
55.750846,151.917260,148.820000,152.920000,105.840000,101.270000,108.080000,149.960000,48.880000,101.640000,NaN,NaN,577.240000,280.870000
54.725869,127.317822,156.650000,153.940000,114.490000,101.620000,115.980000,151.180000,56.290000,104.850000,NaN,NaN,577.350000,281.630000
61.900705,126.292845,164.310000,155.990000,123.140000,102.140000,123.940000,152.180000,64.620000,106.230000,NaN,NaN,577.930000,282.800000
72.150471,129.367775,171.660000,157.220000,131.150000,102.810000,132.020000,153.110000,73.050000,107.380000,NaN,NaN,578.220000,283.970000
81.375261,126.292845,179.420000,158.670000,138.940000,103.440000,139.940000,154.180000,81.060000,108.170000,8.601922,166.266933,578.690000,284.970000
92.650004,124.242892,185.650000,159.920000,147.110000,103.040000,147.780000,154.620000,88.750000,109.070000,19.876665,164.216980,579.150000,285.760000
99.824840,123.217915,192.770000,161.580000,154.930000,103.610000,155.790000,155.780000,96.780000,110.190000,33.201360,165.241956,579.710000,286.980000
104.949723,126.292845,200.570000,163.320000,162.920000,104.160000,164.030000,156.690000,104.730000,111.180000,48.576010,166.266933,580.190000,287.930000
117.249442,135.517635,206.422407,165.241956,170.940000,104.570000,172.598179,153.967214,112.670000,112.310000,62.925682,167.291910,580.640000,288.840000
232.046822,151.917260,213.130000,166.140000,178.870000,105.630000,178.748039,156.017167,120.810000,113.430000,75.225401,166.266933,581.160000,289.970000
220.772079,152.942237,220.150000,166.990000,186.890000,106.570000,184.897898,156.017167,128.880000,114.850000,102.899770,177.541676,580.620000,290.330000
233.071799,154.992190,227.100000,168.300000,194.760000,107.710000,194.122688,157.042144,136.780000,116.330000,121.349349,177.541676,580.620000,290.820000
250.496401,154.992190,233.990000,169.040000,203.050000,108.010000,201.297524,157.042144,141.930000,117.800000,157.223530,183.691535,581.250000,291.410000
266.896027,158.067120,241.140000,169.980000,210.870000,108.080000,210.522313,158.067120,148.380000,118.930000,178.748039,183.691535,581.690000,291.850000
281.245699,160.117073,247.980000,170.830000,213.750000,106.270000,216.672173,161.142050,155.110000,119.980000,197.197618,184.716512,582.120000,292.290000
294.570395,161.142050,255.000000,171.550000,221.600000,106.400000,223.030000,162.020000,162.210000,120.990000,215.647196,187.791442,582.660000,292.720000
306.870114,162.167027,262.060000,172.200000,229.040000,106.690000,229.780000,162.750000,170.710000,121.990000,232.046822,187.791442,583.120000,293.420000
310.970021,165.241956,269.240000,173.050000,236.160000,107.130000,241.271612,159.092097,178.960000,122.930000,242.296588,187.791442,583.680000,293.480000
325.319693,170.366839,276.120816,174.466746,243.240000,107.050000,247.421471,160.117073,187.100000,123.820000,254.010000,188.110000,584.200000,293.730000
337.619413,173.441769,282.940000,176.070000,250.960000,109.450000,254.596307,159.092097,195.210000,124.300000,268.945980,190.866372,584.180000,294.440000
345.819226,179.591629,NaN,NaN,256.880000,109.160000,263.821097,159.092097,203.250000,124.660000,283.295652,189.841395,584.160000,294.660000
356.068992,181.641582,311.994997,179.591629,261.670000,109.360000,273.045886,160.117073,210.980000,125.220000,294.570395,189.841395,584.250000,295.420000
358.118945,180.616605,314.044951,181.641582,267.330000,110.640000,277.145793,161.142050,219.610000,125.890000,295.595372,188.816418,584.130000,295.830000
363.243828,181.641582,318.360000,183.960000,277.380000,114.420000,286.370582,161.142050,228.010000,127.070000,287.395559,190.866372,585.070000,296.630000
366.318758,187.791442,320.460000,185.660000,284.930000,115.640000,292.520442,163.192003,235.900000,128.300000,289.445512,194.966278,586.020000,297.800000
368.368711,194.966278,321.890000,186.780000,293.000000,117.260000,303.795185,166.266933,243.900000,130.020000,291.495465,193.941301,586.680000,299.500000
368.368711,199.066184,333.519506,185.741489,301.010000,118.710000,313.019974,169.341863,251.330000,133.170000,308.920068,200.091161,587.180000,301.070000
366.318758,194.966278,342.744296,186.766465,308.870000,120.080000,319.169834,169.341863,259.000000,135.790000,299.695278,206.241021,587.550000,302.460000
347.869179,190.866372,348.794249,185.016231,316.630000,121.260000,323.269740,172.416793,266.800000,138.040000,288.420536,210.340927,588.070000,303.460000
324.294717,192.916325,357.118945,185.641582,324.590000,123.570000,325.319693,174.466746,273.130000,139.600000,276.120816,208.290974,588.050000,304.580000
329.419600,192.916325,364.120000,187.980000,332.910000,125.870000,334.544483,175.491722,279.720000,141.490000,259.721191,209.315950,588.250000,306.190000
314.044951,183.691535,370.860000,189.340000,340.930000,127.930000,340.694342,175.491722,286.500000,143.020000,249.471424,207.265997,588.040000,307.570000
310.970021,181.641582,376.350000,190.250000,348.930000,129.910000,348.894155,177.541676,293.600000,144.890000,247.421471,205.216044,588.160000,309.230000
314.044951,179.591629,382.170000,191.660000,356.580000,131.860000,357.093968,179.591629,301.080000,146.970000,249.471424,203.166091,588.590000,310.360000
321.219787,182.666559,388.600000,193.370000,363.880000,133.160000,364.580000,181.480000,308.440000,148.960000,250.250000,202.910000,589.090000,311.540000
340.694342,183.691535,395.500000,194.480000,371.510000,135.090000,372.170000,182.650000,315.670000,150.990000,259.721191,202.141114,589.790000,312.010000
346.844202,185.741489,402.220000,196.350000,379.810000,136.340000,379.510000,184.220000,323.160000,152.490000,269.970957,205.216044,590.130000,313.100000
356.068992,185.741489,409.360000,196.940000,387.700000,137.730000,386.970000,185.290000,330.350000,154.030000,276.120816,201.116138,590.730000,313.980000
360.168898,186.766465,415.440000,198.750000,395.590000,139.730000,393.920000,186.170000,336.160000,155.980000,279.195746,200.091161,591.040000,315.010000
366.318758,186.766465,421.840000,199.890000,402.170000,140.690000,399.118009,186.766465,342.490000,157.860000,290.470489,202.141114,591.090000,316.000000
370.418664,187.791442,428.160000,201.560000,409.790000,143.740000,404.242892,189.841395,349.400000,160.020000,294.570395,199.066184,591.150000,317.140000
376.568524,189.841395,434.070000,203.350000,417.980000,145.120000,410.190000,191.600000,356.340000,162.260000,304.820161,197.016231,591.110000,318.150000
380.668430,190.866372,440.580000,205.180000,425.330000,146.520000,416.330000,193.740000,362.970000,164.200000,314.044951,198.041208,591.080000,319.350000
384.768337,190.866372,447.480000,206.750000,430.892284,149.867307,428.842331,190.866372,369.950000,166.530000,322.950000,198.720000,591.080000,321.080000
387.843266,195.991255,453.980000,209.180000,433.967214,154.992190,432.942237,193.941301,376.880000,169.410000,332.010000,200.880000,591.570000,323.910000
395.018103,195.991255,460.440000,210.940000,440.210000,156.810000,442.167027,195.991255,383.690000,171.660000,335.569459,199.066184,592.040000,325.970000
403.217915,194.966278,467.060000,212.970000,446.430000,158.940000,447.291910,199.066184,390.950000,174.390000,339.940000,199.470000,592.100000,328.120000
392.968149,187.791442,472.966278,214.390880,454.900000,163.070000,453.441769,201.116138,397.860000,176.780000,347.730000,201.310000,592.080000,330.090000
405.267869,192.916325,478.940000,216.780000,462.260000,165.520000,460.616605,203.166091,403.720000,180.360000,356.380000,203.180000,592.000000,332.000000
407.317822,195.991255,485.180000,219.160000,469.680000,168.300000,464.716512,204.191067,410.120000,182.900000,364.870000,206.030000,592.020000,334.320000
412.442705,203.166091,490.960000,221.210000,476.950000,170.960000,473.941301,209.315950,416.240000,185.860000,372.640000,208.820000,591.970000,336.440000
415.517635,205.216044,496.900000,223.760000,483.550000,173.980000,481.116138,209.315950,422.090000,189.000000,381.610000,213.050000,591.980000,339.820000
420.642518,213.415857,502.920000,228.770000,489.640000,178.850000,485.216044,213.415857,427.750000,193.640000,389.990000,219.250000,591.670000,344.100000
416.542611,218.540740,507.840459,233.790506,495.190000,184.080000,490.340927,217.515763,433.020000,199.010000,397.980000,226.800000,591.000000,348.820000
422.692471,225.715576,512.180000,238.560000,500.570000,189.160000,496.490787,223.665623,438.050000,203.920000,403.217915,235.965342,588.900000,354.100000
419.617541,230.840459,518.090225,243.565249,506.240000,194.200000,499.565717,226.740553,443.640000,208.800000,410.392752,243.140179,587.310000,358.700000
423.717448,235.965342,523.960000,246.760000,511.520000,198.780000,504.690600,229.815483,449.060000,213.390000,421.667494,250.315015,585.890000,362.980000
434.992190,240.065249,528.400000,250.180000,504.690600,198.041208,509.815483,232.890412,454.740000,217.410000,426.792377,257.489851,584.340000,367.020000
436.017167,244.165155,533.080000,253.190000,510.840459,205.216044,515.965342,236.990319,459.240000,220.810000,429.867307,258.514828,583.970000,370.360000
439.092097,246.215108,537.790000,256.240000,518.015295,208.290974,522.115202,239.040272,464.320000,224.090000,442.167027,261.589757,583.180000,373.070000
447.291910,252.364968,544.189664,258.964874,522.115202,212.390880,525.190132,245.190132,469.550000,226.870000,441.142050,260.564781,582.200000,375.960000
461.641582,258.514828,551.839524,257.489851,527.240085,214.440834,531.339991,244.165155,476.610000,229.760000,447.291910,260.564781,582.710000,378.220000
460.616605,259.539804,558.350000,263.270000,535.439898,218.540740,537.489851,248.265062,483.060000,232.570000,455.491722,264.664687,583.000000,380.570000
469.841395,261.589757,563.189196,263.639711,540.564781,220.590693,541.589757,249.290038,489.720000,234.200000,466.766465,267.739617,583.070000,383.710000
475.991255,265.689664,568.040000,267.800000,546.714640,222.640646,547.739617,250.315015,496.110000,236.040000,472.916325,267.739617,584.130000,385.350000
483.166091,264.664687,574.210000,270.480000,552.864500,225.715576,553.889477,252.364968,502.620000,238.200000,479.970000,267.270000,584.700000,387.010000
490.340927,266.714640,581.770000,272.690000,560.039336,227.765529,563.114266,255.439898,508.580000,240.460000,487.120000,266.370000,585.110000,389.050000
495.465810,263.639711,587.238681,273.814547,567.214173,230.840459,569.264126,258.514828,515.100000,242.500000,493.790000,265.220000,584.900000,390.950000
501.615670,266.714640,592.970000,275.880000,575.413985,233.915389,576.438962,258.514828,521.270000,244.980000,500.770000,264.360000,586.120000,393.400000
504.690600,265.689664,599.040000,277.820000,581.563845,234.940366,581.563845,259.539804,526.060000,245.790000,503.665623,267.739617,586.650000,394.620000
507.765529,263.639711,604.970000,279.330000,585.663752,238.015295,585.663752,260.564781,531.290000,246.950000,513.915389,272.864500,587.120000,396.370000
516.990319,260.564781,610.980000,280.590000,588.738681,239.040272,591.813611,262.614734,537.320000,247.420000,522.115202,273.889477,587.560000,397.420000
521.090225,262.614734,616.870000,282.600000,592.838588,241.090225,598.988447,265.689664,542.800000,247.950000,539.539804,279.014360,588.030000,398.460000
528.265062,262.614734,622.600000,284.150000,603.088354,243.140179,605.138307,265.689664,547.250000,250.310000,548.764594,283.114266,586.900000,399.580000
532.364968,265.689664,628.390000,285.460000,604.113330,246.215108,610.263190,269.789570,554.914453,247.240085,556.964407,285.164219,586.580000,401.310000
538.514828,268.764594,633.840000,286.450000,610.263190,247.240085,616.413050,269.789570,560.039336,249.290038,563.114266,285.164219,586.350000,402.300000
543.639711,271.839524,639.200000,287.810000,615.810000,248.920000,621.537933,270.814547,565.164219,251.339991,567.214173,287.214173,587.550000,403.960000
551.839524,274.914453,644.760000,289.810000,621.480000,250.580000,628.712769,272.864500,571.314079,253.389945,571.870000,288.410000,588.050000,405.230000
556.964407,277.989383,650.460000,291.630000,626.880000,252.150000,634.900000,274.840000,578.488915,254.414921,576.010000,289.950000,588.670000,406.490000
562.089290,280.039336,656.880000,293.230000,632.090000,253.680000,640.850000,276.940000,582.588822,256.464874,580.538868,287.214173,588.730000,407.740000
566.189196,283.114266,662.910000,294.600000,637.160000,255.370000,646.850000,278.830000,588.738681,259.539804,582.588822,287.214173,589.180000,409.290000
571.314079,283.114266,668.830000,296.170000,642.240000,256.310000,652.850000,280.750000,595.913518,262.614734,587.713705,286.189196,589.740000,410.490000
580.538868,284.139243,675.040000,297.510000,647.060000,257.030000,658.920000,282.800000,602.063377,262.614734,591.813611,286.189196,589.690000,411.560000
585.663752,286.189196,680.390000,299.360000,652.070000,258.260000,664.830000,284.690000,607.188260,265.689664,593.863564,291.314079,590.160000,413.080000
589.763658,285.164219,685.750000,300.460000,655.362161,261.589757,670.850000,286.750000,613.338120,267.739617,600.013424,293.364032,590.800000,414.500000
594.888541,291.314079,691.120000,301.680000,662.536997,262.614734,676.886670,284.139243,620.512956,267.739617,602.063377,297.463939,591.720000,416.270000
598.988447,292.339056,696.210000,304.280000,666.636903,263.639711,682.011553,287.214173,624.612863,270.814547,608.213237,299.513892,592.610000,417.500000
605.138307,293.364032,701.470000,305.630000,676.886670,267.739617,686.111459,288.239149,631.787699,270.814547,609.238213,304.638775,593.090000,419.280000
610.263190,297.463939,706.760000,307.430000,678.936623,268.764594,689.186389,291.314079,635.887605,271.839524,613.338120,302.588822,593.010000,420.130000
615.388073,299.513892,711.950000,308.800000,684.061506,268.764594,697.386202,292.339056,641.012488,274.914453,613.338120,306.688728,592.930000,421.190000
621.537933,299.513892,716.970000,310.820000,690.211365,271.839524,702.511085,292.339056,643.910000,277.550000,616.413050,306.688728,592.420000,422.330000
621.537933,299.513892,721.710000,313.270000,697.386202,272.864500,703.536061,297.463939,649.212301,275.939430,630.762722,308.738681,591.950000,424.300000
627.687792,303.613798,724.530000,315.190000,703.536061,275.939430,707.635968,298.488915,654.337184,277.989383,631.787699,309.763658,591.100000,425.770000
632.812675,306.688728,729.650000,316.690000,708.340000,277.750000,712.760851,302.588822,658.437091,281.064313,635.887605,310.788635,590.210000,427.430000
635.887605,306.688728,733.990000,318.510000,711.735874,282.089290,717.885734,302.588822,662.860000,283.910000,641.012488,313.863564,589.080000,428.600000
641.012488,308.738681,738.010000,319.880000,711.735874,283.114266,721.985640,305.663752,667.180000,285.830000,647.162348,312.838588,588.630000,430.780000
645.112395,308.738681,742.020000,321.200000,719.935687,285.164219,727.110523,305.663752,670.790000,287.840000,646.137371,311.813611,588.130000,432.440000
649.212301,310.788635,746.660000,322.800000,723.010617,286.189196,733.260383,307.713705,674.220000,290.910000,661.512020,313.863564,587.860000,433.470000
654.337184,310.788635,751.080000,324.560000,727.110523,288.239149,736.335313,309.763658,678.150000,292.090000,667.661880,314.888541,588.370000,434.180000
659.462067,312.838588,755.750000,326.170000,732.235406,289.264126,736.335313,310.788635,681.750000,293.590000,676.886670,318.988447,588.450000,435.070000
662.536997,313.863564,759.570000,327.200000,737.360289,291.314079,743.510149,311.813611,686.111459,292.339056,685.086482,323.088354,588.540000,436.090000
667.661880,314.888541,764.010000,329.070000,741.460196,292.339056,744.535126,313.863564,691.236342,293.364032,691.236342,323.088354,588.940000,437.130000
671.761787,315.913518,768.020000,330.660000,747.610055,296.438962,750.684985,314.888541,694.311272,296.438962,700.461132,322.063377,587.900000,438.170000
676.886670,318.988447,772.070000,332.650000,749.660009,295.413985,751.709962,317.963471,703.536061,297.463939,704.561038,325.138307,587.240000,439.730000
680.986576,320.013424,775.970000,334.440000,754.784892,298.488915,757.859821,320.013424,704.770000,302.040000,711.735874,326.163284,586.410000,441.860000
685.086482,324.113330,780.450000,335.680000,759.909775,300.538868,761.959728,321.038401,710.710898,299.513892,712.760851,329.238213,585.770000,443.590000
688.161412,324.113330,786.190000,336.750000,764.009681,301.563845,767.084611,324.113330,713.785827,304.638775,713.785827,329.238213,585.200000,445.220000
692.261319,325.138307,791.709026,338.888073,768.109588,302.588822,769.134564,326.163284,717.885734,304.638775,717.885734,333.338120,585.230000,446.170000
696.361225,326.163284,794.833909,340.938026,772.209494,302.588822,773.234471,327.188260,719.935687,306.688728,721.985640,335.388073,584.880000,447.380000
700.461132,329.238213,797.858886,342.438026,772.209494,304.638775,777.334377,328.213237,725.060570,310.788635,721.985640,335.388073,584.680000,448.620000
703.536061,329.238213,800.958792,344.537933,780.409307,309.763658,780.409307,330.263190,728.135500,311.813611,724.035593,335.388073,584.300000,450.560000
708.660944,332.313143,804.060000,346.920000,779.384330,309.763658,784.509213,333.338120,734.285360,313.863564,726.085547,338.463003,582.830000,452.180000
710.710898,334.363097,807.090000,348.720000,783.484237,310.788635,788.609120,334.363097,737.360289,314.888541,730.185453,338.463003,582.100000,453.600000
713.785827,334.363097,810.660000,349.730000,787.584143,313.863564,792.709026,335.388073,742.485172,316.938494,731.210430,339.487980,581.200000,455.200000
715.835781,335.388073,814.100000,351.050000,NaN,NaN,794.758979,336.413050,744.535126,316.938494,736.335313,338.463003,580.560000,456.390000
716.860757,336.413050,817.930000,352.340000,793.734003,314.888541,799.883862,338.463003,746.585079,320.013424,738.385266,342.562909,580.170000,456.790000
721.985640,336.413050,821.870000,353.150000,796.808933,314.888541,801.933816,339.487980,749.660009,320.013424,744.535126,343.587886,579.700000,458.000000
725.060570,335.388073,825.880000,354.900000,800.908839,317.963471,806.033722,340.512956,753.100000,320.620000,744.535126,345.637839,579.090000,459.070000
726.050000,341.580000,829.880000,356.660000,801.933816,317.963471,808.083675,342.562909,755.780000,321.400000,747.610055,343.587886,578.290000,460.040000
728.135500,343.587886,832.870000,357.790000,805.008745,321.038401,814.233535,342.562909,759.420000,321.690000,748.635032,347.687792,577.810000,461.140000
734.285360,345.637839,835.580000,359.230000,806.033722,324.113330,818.333441,344.612863,762.320000,322.330000,752.734938,353.837652,577.060000,462.050000
738.385266,348.712769,838.210000,360.760000,813.208558,325.138307,821.408371,345.637839,764.810000,323.030000,753.759915,354.862629,576.080000,464.170000
741.460196,347.687792,841.510000,362.220000,818.333441,325.138307,824.483301,348.712769,768.550000,324.990000,754.784892,354.862629,575.000000,465.170000
744.970000,349.680000,845.100000,362.830000,821.408371,326.163284,828.583207,348.712769,771.900000,326.640000,757.859821,355.887605,574.070000,466.140000
748.635032,351.787699,848.260000,364.180000,824.483301,325.138307,831.658137,350.762722,774.450000,328.030000,758.884798,356.912582,573.010000,466.990000
749.540000,356.840000,850.850000,365.430000,829.608184,327.188260,831.658137,351.787699,776.840000,328.070000,762.984705,358.962535,572.010000,467.900000
751.120000,358.230000,853.970000,366.160000,833.708090,329.238213,835.758044,352.812675,779.290000,329.330000,766.059634,363.062442,571.500000,468.910000
753.250000,358.160000,856.860000,367.420000,837.807997,331.288167,839.857950,353.837652,781.770000,330.080000,770.159541,361.012488,570.970000,469.900000
757.050000,358.370000,859.840000,367.860000,840.882927,332.313143,840.882927,354.862629,785.230000,332.950000,770.159541,361.012488,569.940000,470.900000
764.009681,354.862629,861.930000,368.950000,839.857950,332.313143,843.957856,355.887605,789.634096,333.338120,774.259447,359.987512,567.890000,471.770000
767.084611,353.837652,864.650000,370.010000,841.907903,332.313143,846.007810,356.912582,792.709026,333.338120,774.259447,364.087418,566.320000,472.500000
768.109588,354.862629,867.130000,370.900000,843.957856,333.338120,850.107716,357.937558,793.734003,334.363097,778.359354,362.037465,564.930000,473.340000
769.134564,354.862629,869.810000,371.710000,846.007810,335.388073,853.182646,358.962535,794.758979,337.438026,780.409307,364.087418,563.300000,473.880000
NaN,NaN,872.090000,373.020000,850.107716,336.413050,855.680000,359.780000,797.833909,337.438026,786.559166,361.012488,562.850000,474.470000
771.184517,357.937558,874.030000,373.400000,853.182646,336.413050,858.140000,360.980000,802.958792,337.438026,790.659073,361.012488,561.970000,474.840000
780.409307,355.887605,876.000000,373.770000,856.257576,337.438026,860.540000,361.810000,801.933816,338.463003,792.709026,363.062442,560.770000,475.570000
778.070000,361.350000,878.030000,375.360000,857.282552,342.562909,863.070000,362.970000,807.058699,340.512956,798.858886,363.062442,559.400000,476.020000
778.810000,361.990000,880.520000,375.990000,861.382459,339.487980,865.370000,363.840000,808.083675,340.512956,801.933816,363.062442,557.870000,476.760000
780.410000,363.270000,882.500000,376.780000,864.457389,342.562909,867.340000,364.750000,809.108652,342.562909,802.958792,367.162348,556.270000,477.950000
785.534190,358.962535,885.000000,377.890000,866.507342,343.587886,868.590000,365.860000,813.208558,344.612863,807.058699,371.262254,554.690000,478.730000
788.609120,361.012488,886.960000,378.450000,869.582272,343.587886,870.430000,366.770000,816.283488,344.612863,810.133628,373.312208,552.730000,479.300000
789.634096,362.037465,889.050000,378.650000,867.532318,342.562909,871.920000,367.790000,820.383395,345.637839,814.233535,372.287231,551.040000,479.610000
793.734003,364.087418,890.870000,379.520000,867.532318,342.562909,873.340000,368.850000,820.383395,345.637839,819.358418,371.262254,549.190000,480.540000
793.734003,364.087418,892.480000,380.190000,872.657201,344.612863,874.910000,369.640000,823.458324,347.687792,819.358418,374.337184,547.240000,481.160000
794.758979,365.112395,893.860000,380.460000,876.757108,344.612863,876.420000,370.340000,824.483301,349.737746,820.383395,372.287231,546.580000,481.030000
797.833909,365.112395,895.080000,380.680000,876.757108,344.612863,877.850000,370.590000,825.508278,348.712769,822.433348,375.362161,545.570000,481.170000
799.940000,365.170000,897.180000,381.230000,877.782085,344.612863,879.400000,371.490000,827.558231,349.737746,819.358418,372.287231,543.970000,481.160000
797.920000,367.390000,898.880000,381.380000,881.881991,346.662816,882.230000,371.630000,829.608184,349.737746,822.433348,372.287231,542.280000,481.690000
800.710000,367.600000,900.850000,381.390000,881.881991,346.662816,884.060000,372.200000,828.583207,350.762722,819.358418,372.287231,540.750000,482.160000
802.820000,367.950000,902.420000,382.430000,883.931944,346.662816,885.820000,372.700000,829.608184,350.762722,820.383395,373.312208,538.640000,482.620000
802.970000,367.870000,903.320000,382.830000,885.981897,348.712769,887.660000,373.110000,832.683114,350.762722,821.408371,373.312208,537.190000,483.120000
803.920000,368.380000,905.070000,383.100000,889.056827,348.712769,889.320000,373.780000,835.758044,351.787699,823.458324,372.287231,535.770000,483.090000
805.620000,368.340000,906.810000,383.200000,895.206687,350.762722,890.850000,373.600000,834.733067,351.787699,825.508278,373.312208,533.600000,483.540000
807.700000,368.360000,908.300000,383.160000,895.206687,350.762722,892.310000,374.130000,838.832973,352.812675,825.508278,372.287231,532.170000,484.090000
809.870000,368.410000,909.930000,383.360000,898.281617,350.762722,893.780000,374.420000,837.807997,353.837652,827.558231,373.312208,530.590000,484.500000
811.750000,367.930000,911.270000,383.610000,898.281617,352.812675,895.070000,374.620000,841.907903,354.862629,829.608184,373.312208,529.200000,484.130000
812.020000,368.430000,912.170000,383.970000,901.356546,352.812675,896.200000,375.120000,842.932880,353.837652,831.590000,373.000000,527.680000,484.010000
813.160000,367.970000,914.490000,384.700000,901.356546,352.812675,897.140000,375.640000,843.957856,355.887605,833.460000,373.030000,526.140000,484.100000
814.600000,368.130000,914.950000,384.430000,904.431476,352.812675,898.120000,376.110000,842.932880,355.887605,833.660000,373.090000,523.800000,484.560000
815.940000,368.060000,916.070000,384.740000,902.381523,352.812675,900.590000,373.100000,844.982833,355.887605,834.410000,373.030000,522.090000,485.040000
816.480000,368.380000,916.960000,384.880000,905.456453,350.762722,902.830000,372.080000,843.957856,355.887605,835.090000,373.030000,519.990000,485.580000
817.070000,368.140000,918.010000,385.180000,907.506406,351.787699,904.350000,371.410000,847.032786,356.912582,835.950000,373.260000,518.120000,486.080000
817.620000,367.820000,919.010000,385.720000,908.531383,351.787699,904.590000,372.040000,848.370000,357.600000,836.960000,373.230000,516.070000,485.420000
818.090000,367.360000,919.960000,385.730000,906.481429,351.787699,905.580000,372.050000,849.640000,358.200000,837.780000,373.140000,514.130000,485.120000
818.880000,367.100000,920.980000,386.230000,907.506406,351.787699,906.850000,372.120000,851.040000,358.880000,838.930000,373.210000,512.060000,485.130000
820.280000,367.770000,922.550000,386.090000,910.581336,352.812675,908.000000,371.990000,850.107716,349.737746,839.670000,373.140000,510.510000,485.510000
821.550000,369.210000,923.910000,386.150000,910.581336,352.812675,909.000000,372.040000,851.132693,352.812675,840.180000,373.600000,509.020000,486.040000
824.483301,367.162348,924.970000,386.010000,910.581336,352.812675,910.030000,372.040000,850.107716,349.737746,840.880000,374.720000,507.600000,486.320000
826.780000,367.870000,924.890000,385.960000,910.581336,352.812675,910.970000,371.970000,850.107716,351.787699,841.560000,375.660000,506.030000,486.240000
828.840000,368.820000,925.710000,386.170000,910.581336,352.812675,911.510000,373.020000,852.157669,352.812675,842.300000,376.880000,503.090000,485.960000
830.920000,369.300000,926.840000,386.350000,913.656266,354.862629,912.720000,373.800000,852.157669,352.812675,843.040000,377.410000,500.330000,486.260000
832.860000,369.010000,927.400000,386.490000,917.756172,352.812675,913.940000,374.360000,853.182646,350.762722,844.130000,376.990000,500.110000,486.010000
825.920000,374.500000,928.980000,386.600000,917.756172,352.812675,914.850000,374.570000,853.182646,352.812675,844.940000,376.700000,498.740000,486.050000
827.930000,374.640000,929.950000,387.150000,920.831102,348.712769,915.510000,374.510000,855.232599,350.762722,845.960000,376.600000,497.240000,486.080000
828.180000,374.310000,930.380000,387.180000,916.731196,352.812675,916.510000,375.160000,855.232599,352.812675,847.000000,376.520000,495.200000,486.160000
828.890000,373.630000,931.000000,387.060000,920.831102,351.787699,917.210000,374.500000,856.257576,353.837652,847.900000,376.450000,492.570000,486.020000
830.510000,373.170000,931.860000,387.110000,916.731196,354.862629,918.020000,374.770000,857.282552,352.812675,848.930000,375.740000,490.450000,486.140000
831.950000,372.710000,933.430000,387.140000,916.731196,355.887605,918.430000,374.580000,859.332506,353.837652,849.840000,375.810000,489.060000,486.670000
832.420000,372.960000,933.390000,387.940000,916.731196,355.887605,918.950000,374.640000,859.332506,353.837652,850.850000,375.920000,487.500000,487.010000
832.930000,372.740000,933.980000,388.020000,917.030000,356.070000,919.360000,375.110000,860.357482,353.837652,852.040000,375.970000,486.110000,487.010000
833.140000,372.620000,934.720000,387.610000,917.010000,356.200000,919.880000,374.990000,862.407435,352.812675,852.830000,375.980000,484.640000,486.980000
834.570000,372.300000,935.100000,387.990000,917.210000,356.080000,920.350000,375.060000,864.457389,351.787699,853.790000,375.830000,483.090000,486.980000
835.350000,371.770000,935.980000,387.870000,917.310000,356.090000,920.880000,374.990000,862.407435,352.812675,854.840000,375.910000,480.640000,486.920000
835.980000,371.400000,936.780000,387.110000,917.100000,355.960000,921.170000,374.960000,864.457389,352.812675,855.590000,375.530000,478.540000,486.940000
836.770000,370.690000,936.880000,387.330000,917.140000,356.010000,922.180000,374.960000,863.432412,352.812675,856.240000,375.780000,477.060000,486.520000
837.490000,370.470000,937.120000,387.070000,921.856079,356.912582,922.780000,374.900000,864.457389,352.812675,856.830000,375.820000,475.220000,486.000000
837.860000,369.920000,937.090000,387.050000,922.881055,358.962535,923.280000,375.070000,864.457389,352.812675,857.260000,375.880000,473.140000,485.980000
838.180000,370.000000,937.570000,387.040000,922.881055,358.962535,923.760000,375.000000,864.740000,353.090000,857.870000,375.860000,471.670000,485.910000
838.870000,368.510000,938.720000,387.080000,925.955985,358.962535,924.280000,375.090000,865.170000,352.780000,857.810000,374.780000,470.130000,485.420000
839.050000,368.340000,938.820000,386.840000,923.906032,361.012488,924.710000,374.990000,865.770000,353.040000,858.320000,374.370000,468.700000,485.420000
839.190000,367.390000,939.580000,387.040000,925.955985,361.012488,925.140000,375.030000,866.120000,352.850000,858.930000,373.310000,467.110000,484.920000
840.600000,365.890000,940.070000,386.960000,926.980962,359.987512,925.640000,374.860000,866.670000,352.960000,859.810000,372.730000,465.740000,484.930000
841.390000,366.480000,940.290000,386.840000,926.980962,359.987512,926.320000,375.010000,867.200000,352.810000,861.150000,373.170000,463.690000,485.360000
841.720000,365.240000,940.890000,386.470000,925.955985,359.987512,926.570000,374.900000,868.000000,352.920000,862.560000,373.040000,462.230000,484.950000
842.050000,364.290000,941.020000,385.830000,926.170000,359.810000,927.200000,374.820000,868.920000,352.850000,863.660000,372.810000,461.230000,484.060000
841.970000,364.290000,941.150000,385.660000,926.310000,359.890000,927.710000,374.350000,869.900000,352.870000,865.070000,372.770000,459.410000,483.980000
842.530000,363.360000,941.000000,385.430000,926.180000,359.620000,928.150000,373.710000,870.950000,352.840000,866.420000,372.560000,457.580000,483.640000
843.650000,362.820000,941.100000,384.600000,926.420000,359.250000,928.700000,373.280000,872.030000,352.860000,865.850000,371.990000,456.800000,482.720000
844.140000,362.700000,941.570000,383.860000,926.380000,358.660000,929.190000,372.740000,869.410000,352.740000,865.910000,371.640000,455.890000,482.800000
845.060000,362.130000,942.060000,383.430000,926.070000,358.220000,929.580000,372.220000,869.582272,348.712769,865.810000,370.970000,454.780000,482.630000
845.930000,361.420000,942.870000,382.750000,926.030000,357.860000,930.270000,372.250000,869.582272,346.662816,865.650000,369.370000,451.770000,480.660000
846.310000,360.530000,943.260000,382.150000,926.060000,357.180000,930.700000,371.440000,871.632225,347.687792,865.790000,367.880000,449.690000,480.150000
846.570000,360.050000,943.310000,381.820000,926.000000,356.650000,930.630000,370.600000,870.607248,346.662816,866.170000,366.780000,448.130000,479.430000
843.920000,358.620000,943.600000,381.290000,926.040000,356.260000,931.220000,370.250000,872.657201,345.637839,866.120000,366.020000,447.080000,478.980000
848.210000,358.280000,944.080000,380.120000,926.060000,355.440000,931.610000,369.430000,872.657201,345.637839,866.110000,365.120000,445.990000,478.210000
847.790000,356.700000,944.270000,379.830000,925.960000,354.670000,932.200000,369.160000,871.632225,345.637839,866.360000,364.160000,444.410000,478.100000
848.160000,356.780000,944.920000,379.160000,926.160000,354.330000,932.830000,368.520000,873.682178,347.687792,866.840000,363.350000,442.910000,477.500000
849.070000,356.050000,945.100000,378.130000,926.060000,353.600000,933.210000,368.310000,873.682178,345.637839,867.190000,362.420000,441.400000,477.380000
849.060000,355.200000,945.620000,378.110000,925.990000,353.410000,933.790000,367.660000,872.657201,343.587886,867.640000,361.410000,440.880000,476.670000
851.020000,354.690000,946.090000,377.860000,935.180774,352.812675,934.170000,367.630000,874.707155,341.537933,868.270000,360.480000,440.110000,476.550000
850.960000,354.750000,946.920000,377.490000,934.155798,352.812675,934.740000,367.700000,875.732131,344.612863,868.850000,359.570000,438.950000,476.290000
850.710000,354.310000,947.240000,376.740000,934.790000,352.730000,934.760000,367.380000,876.757108,343.587886,869.540000,359.710000,437.990000,475.350000
850.810000,353.360000,947.950000,376.910000,935.340000,352.740000,935.340000,366.630000,876.757108,343.587886,870.340000,359.210000,437.040000,474.680000
850.920000,352.270000,948.890000,376.360000,935.770000,352.730000,935.710000,366.430000,876.757108,343.587886,870.800000,358.330000,435.960000,474.170000
850.990000,351.260000,948.840000,375.970000,936.100000,352.640000,936.220000,365.720000,877.782085,340.512956,871.300000,357.260000,435.040000,473.800000
854.420000,350.900000,949.120000,375.340000,936.210000,352.680000,936.860000,365.570000,876.757108,340.512956,871.980000,356.730000,434.010000,473.300000
854.360000,350.620000,949.590000,375.220000,936.205751,350.762722,937.220000,365.470000,878.807061,340.512956,872.560000,356.450000,433.010000,472.790000
856.100000,350.740000,950.180000,374.690000,936.220000,350.490000,937.730000,364.630000,879.832038,340.512956,873.180000,355.460000,432.150000,472.290000
856.090000,350.420000,950.320000,374.070000,936.200000,349.780000,938.260000,364.410000,879.832038,339.487980,874.010000,354.830000,431.160000,471.820000
855.900000,349.730000,950.880000,373.820000,936.070000,349.450000,938.670000,363.620000,882.906968,339.487980,874.680000,354.670000,429.890000,471.210000
856.990000,349.800000,951.560000,373.540000,936.070000,348.590000,939.180000,363.370000,883.931944,340.512956,875.400000,354.580000,429.650000,470.700000
858.330000,349.170000,952.090000,373.180000,936.040000,348.220000,939.770000,362.760000,882.906968,339.487980,875.910000,354.600000,429.050000,470.350000
858.810000,348.720000,952.370000,372.220000,936.120000,347.660000,940.230000,362.190000,880.857014,339.487980,876.340000,354.660000,428.140000,469.590000
858.900000,348.680000,952.380000,371.640000,936.100000,347.090000,940.810000,361.700000,883.931944,339.487980,876.640000,354.680000,428.580000,469.410000
859.730000,348.330000,952.610000,371.290000,941.330634,345.637839,941.090000,361.130000,883.931944,337.438026,877.520000,354.650000,427.530000,467.990000
859.870000,347.630000,953.010000,370.590000,942.150000,344.750000,941.180000,360.630000,884.956921,335.388073,878.200000,354.840000,427.170000,467.380000
862.740000,347.440000,953.070000,370.280000,942.820000,344.040000,941.040000,360.140000,883.931944,337.438026,878.400000,354.680000,426.750000,467.010000
864.380000,346.810000,953.550000,369.470000,943.810000,343.030000,941.150000,359.600000,884.956921,334.363097,878.810000,353.790000,426.080000,466.710000
865.330000,346.250000,954.040000,368.600000,946.455517,343.587886,941.060000,359.250000,881.881991,338.463003,879.250000,353.410000,425.080000,466.390000
865.640000,345.910000,954.840000,368.400000,946.770000,343.790000,941.110000,358.650000,881.881991,333.338120,879.790000,351.860000,424.090000,465.720000
865.990000,345.840000,954.870000,367.260000,945.430541,343.587886,942.040000,358.250000,882.906968,335.388073,880.190000,351.660000,423.070000,465.370000
865.970000,345.850000,955.080000,366.700000,945.150000,343.150000,942.840000,357.910000,882.906968,333.338120,880.780000,351.700000,422.190000,464.810000
865.970000,345.890000,954.560000,366.710000,946.455517,343.587886,943.230000,357.300000,883.931944,334.363097,881.220000,351.910000,421.070000,464.520000
866.280000,346.070000,954.770000,366.550000,946.750000,343.780000,943.760000,356.940000,883.931944,335.388073,881.790000,351.460000,420.180000,464.570000
866.760000,345.950000,955.010000,366.300000,947.480494,341.537933,944.190000,356.810000,882.906968,335.388073,882.230000,351.020000,419.180000,464.890000
867.110000,345.900000,955.560000,365.650000,946.455517,341.537933,944.230000,355.750000,885.981897,335.388073,882.840000,350.770000,420.610000,464.300000
867.130000,345.870000,956.070000,365.540000,946.080000,341.240000,944.150000,355.440000,885.981897,335.388073,883.090000,350.900000,421.300000,463.850000
867.070000,345.700000,956.880000,365.110000,945.430541,339.487980,944.160000,354.640000,887.006874,335.388073,883.220000,350.890000,421.300000,463.260000
866.980000,345.810000,957.380000,364.820000,945.180000,338.290000,944.180000,354.540000,888.031851,335.388073,883.170000,351.120000,420.900000,462.860000
867.290000,345.900000,957.770000,364.160000,946.455517,338.463003,945.220000,354.400000,888.031851,331.288167,883.150000,350.900000,419.860000,462.320000
867.620000,345.950000,958.110000,363.650000,949.530447,337.438026,945.580000,353.650000,889.056827,333.338120,883.140000,351.010000,419.260000,461.830000
868.090000,345.830000,958.040000,363.600000,948.505470,337.438026,944.590000,353.430000,888.031851,332.313143,883.090000,351.060000,418.770000,461.790000
868.710000,345.950000,958.010000,363.700000,948.830000,336.690000,944.920000,352.450000,888.031851,333.338120,884.580000,351.020000,418.220000,461.870000
869.100000,346.000000,958.520000,363.340000,949.180000,336.320000,945.170000,351.800000,888.031851,332.313143,885.800000,350.970000,417.830000,461.910000
869.670000,346.090000,958.990000,362.240000,949.150000,335.850000,945.630000,351.940000,888.031851,332.313143,886.830000,350.980000,417.700000,460.890000
870.080000,346.000000,959.080000,361.800000,949.250000,335.090000,946.260000,351.740000,889.056827,332.313143,887.770000,350.990000,417.800000,460.270000
870.760000,345.800000,959.540000,361.560000,949.060000,334.180000,946.570000,351.610000,889.056827,332.313143,887.230000,350.890000,417.840000,459.780000
871.180000,346.120000,960.030000,361.340000,949.050000,333.090000,947.130000,351.570000,891.106780,332.313143,887.230000,351.080000,417.980000,459.330000
871.930000,346.070000,960.390000,360.780000,949.150000,332.070000,947.730000,351.770000,891.106780,332.313143,887.170000,351.210000,416.390000,458.870000
872.850000,346.030000,960.330000,360.440000,949.020000,331.190000,947.650000,351.300000,891.106780,332.313143,888.150000,351.100000,415.310000,458.940000
873.860000,346.040000,960.000000,359.680000,949.150000,330.100000,948.260000,350.630000,893.156734,332.313143,888.880000,350.990000,414.180000,458.790000
874.890000,346.060000,960.610000,360.310000,949.000000,329.160000,948.600000,350.160000,896.231663,332.313143,889.900000,350.990000,413.630000,458.860000
874.120000,346.060000,961.050000,359.280000,948.505470,328.213237,949.290000,349.620000,888.031851,328.213237,890.910000,350.970000,414.180000,457.380000
874.030000,346.240000,961.060000,358.930000,951.580400,329.238213,949.680000,349.760000,893.156734,329.238213,892.460000,351.080000,413.990000,456.760000
873.980000,346.370000,961.570000,358.900000,948.505470,329.238213,950.250000,349.840000,893.156734,329.238213,893.520000,350.960000,413.990000,456.710000
874.790000,347.870000,962.540000,358.940000,950.555424,328.213237,950.710000,349.890000,894.181710,330.263190,892.850000,351.610000,413.450000,456.860000
875.040000,348.670000,963.540000,358.530000,949.530447,328.213237,951.190000,349.420000,891.106780,331.288167,893.310000,352.300000,412.860000,456.950000
875.130000,349.130000,963.850000,358.370000,951.580400,326.163284,951.750000,348.920000,893.156734,331.288167,893.840000,352.550000,412.370000,457.000000
877.640000,349.670000,964.110000,358.580000,951.580400,327.188260,952.380000,348.430000,893.156734,331.288167,894.290000,353.640000,412.940000,456.950000
878.790000,350.250000,964.620000,358.600000,952.605377,327.188260,952.750000,347.980000,894.181710,331.288167,894.880000,354.640000,412.970000,456.950000
879.460000,350.400000,965.130000,358.560000,953.440000,326.920000,953.020000,347.930000,894.181710,332.313143,895.170000,355.860000,413.020000,456.970000
880.470000,350.780000,965.890000,358.380000,953.830000,326.990000,953.280000,347.850000,894.181710,334.363097,895.930000,356.440000,412.940000,456.970000
880.980000,351.560000,966.420000,358.400000,954.530000,326.980000,953.800000,348.020000,894.181710,333.338120,896.890000,356.720000,413.020000,456.510000
881.980000,352.360000,966.900000,357.910000,955.190000,327.010000,954.410000,348.010000,892.131757,334.363097,898.030000,357.200000,413.000000,456.790000
882.940000,352.620000,967.140000,358.260000,955.970000,327.010000,954.840000,348.170000,900.331570,332.313143,898.870000,357.730000,412.950000,456.990000
884.050000,353.560000,968.630000,358.320000,956.910000,327.140000,955.590000,348.150000,900.331570,335.388073,900.110000,358.280000,413.100000,457.100000
884.990000,354.360000,969.380000,358.540000,958.060000,327.110000,957.440000,348.490000,900.331570,337.438026,900.880000,358.710000,413.020000,457.050000
885.860000,354.580000,969.870000,359.240000,958.950000,327.070000,957.950000,348.800000,901.356546,338.463003,902.120000,359.350000,413.040000,457.220000
887.030000,355.850000,970.040000,359.760000,959.800000,327.510000,958.390000,349.340000,901.356546,338.463003,902.940000,359.850000,412.970000,457.170000
888.010000,356.630000,971.630000,359.380000,960.960000,328.260000,958.920000,349.730000,903.406500,338.463003,904.140000,360.250000,413.030000,458.240000
888.870000,357.720000,972.800000,359.520000,961.900000,328.670000,959.430000,350.430000,905.456453,339.487980,904.820000,360.840000,413.080000,458.610000
890.010000,358.830000,973.870000,360.200000,963.040000,329.210000,960.410000,350.260000,905.456453,339.487980,906.160000,361.350000,413.160000,458.640000
890.920000,359.910000,973.740000,360.890000,963.840000,329.830000,960.760000,350.630000,907.506406,338.463003,906.890000,361.940000,413.020000,459.660000
889.500000,360.110000,974.070000,361.870000,964.890000,330.290000,961.500000,351.420000,908.531383,341.537933,907.900000,362.780000,412.990000,460.430000
889.650000,361.530000,974.730000,362.160000,965.900000,330.730000,962.460000,351.630000,908.531383,341.537933,908.870000,363.930000,412.990000,460.430000
890.030000,361.250000,975.140000,362.670000,966.770000,331.240000,962.700000,352.420000,909.556359,342.562909,909.790000,364.650000,413.480000,460.550000
890.030000,362.030000,975.870000,363.300000,966.955049,328.213237,963.940000,352.630000,913.656266,343.587886,911.070000,365.360000,413.660000,461.410000
891.030000,363.030000,976.930000,363.610000,964.905096,333.338120,964.750000,353.890000,913.656266,344.612863,911.850000,365.780000,414.000000,461.650000
891.970000,363.590000,977.890000,364.360000,965.930073,333.338120,965.790000,354.120000,913.656266,344.612863,912.980000,366.260000,413.520000,462.390000
891.970000,364.170000,978.270000,364.720000,965.930073,335.388073,966.280000,354.870000,916.731196,345.637839,913.810000,366.780000,413.280000,462.790000
893.480000,364.950000,978.820000,365.470000,967.980026,336.413050,966.140000,355.210000,916.731196,345.637839,913.410000,367.240000,412.990000,463.670000
894.890000,365.150000,978.990000,365.860000,969.110000,336.980000,966.320000,355.820000,916.731196,345.637839,913.130000,367.990000,412.940000,464.410000
895.460000,365.580000,979.090000,366.670000,969.710000,337.880000,966.660000,356.580000,916.731196,346.662816,913.560000,369.940000,412.930000,464.750000
895.960000,367.450000,979.070000,367.500000,970.090000,338.810000,967.200000,357.430000,918.781149,347.687792,914.010000,371.060000,412.930000,465.640000
895.970000,367.980000,979.540000,368.050000,970.680000,339.840000,967.550000,357.790000,917.756172,344.612863,914.030000,371.950000,412.900000,466.630000
896.010000,368.840000,980.040000,368.870000,971.100000,340.780000,968.130000,358.470000,918.781149,347.687792,914.130000,372.950000,412.990000,467.800000
896.030000,369.400000,980.810000,369.090000,971.760000,341.620000,968.230000,358.650000,919.806125,347.687792,913.970000,373.860000,412.930000,468.780000
896.050000,369.790000,981.720000,369.500000,972.070000,342.540000,968.120000,359.600000,920.810000,348.360000,914.040000,374.910000,412.890000,469.790000
897.020000,370.990000,982.320000,370.360000,972.150000,343.320000,968.220000,360.500000,921.730000,348.740000,914.110000,375.970000,412.870000,469.940000
897.950000,371.420000,982.100000,370.590000,970.029979,342.562909,969.100000,361.090000,922.810000,349.260000,914.520000,375.950000,412.960000,470.270000
897.910000,372.080000,982.040000,371.830000,NaN,NaN,969.260000,361.750000,923.400000,349.820000,915.340000,376.860000,411.920000,470.420000
898.560000,372.950000,982.490000,372.870000,NaN,NaN,969.670000,362.480000,922.170000,350.190000,915.670000,377.600000,410.770000,471.220000
899.010000,374.100000,982.800000,373.230000,NaN,NaN,970.190000,362.840000,921.320000,351.000000,916.260000,378.770000,410.320000,471.900000
899.010000,374.910000,983.100000,373.950000,970.029979,343.587886,970.730000,363.450000,920.200000,351.870000,916.900000,379.820000,409.960000,472.920000
899.560000,375.540000,983.460000,374.840000,973.104909,343.587886,971.110000,363.790000,919.290000,352.930000,917.740000,380.720000,410.840000,473.870000
900.580000,376.570000,984.390000,375.190000,972.079932,345.637839,971.740000,364.410000,919.030000,353.910000,918.840000,381.800000,410.990000,474.960000
901.040000,377.480000,984.300000,376.260000,972.079932,346.662816,971.670000,364.880000,919.306125,353.837652,919.840000,382.890000,410.960000,475.890000
901.910000,377.880000,985.030000,377.050000,976.179839,346.662816,972.230000,365.500000,918.781149,354.862629,920.650000,383.820000,410.880000,476.820000
902.410000,378.680000,985.810000,377.680000,975.154862,349.737746,972.640000,366.340000,917.756172,355.887605,921.770000,384.840000,410.020000,476.920000
902.990000,379.780000,986.880000,378.620000,976.179839,350.762722,973.230000,366.930000,919.806125,355.887605,922.900000,385.930000,409.340000,477.790000
903.940000,380.850000,987.350000,379.070000,976.179839,346.662816,973.560000,367.850000,919.806125,356.912582,923.690000,386.800000,408.970000,478.740000
904.890000,381.770000,987.290000,380.150000,975.154862,346.662816,974.180000,368.890000,918.781149,358.962535,924.120000,385.890000,408.950000,479.960000
905.990000,382.880000,987.070000,380.940000,975.154862,349.737746,974.500000,369.940000,917.756172,363.062442,922.881055,387.661880,409.030000,480.410000
905.460000,383.980000,987.560000,381.900000,975.154862,350.762722,974.670000,369.790000,920.831102,358.962535,922.890000,389.150000,408.950000,480.760000
905.040000,385.110000,988.050000,382.390000,975.080000,351.950000,975.320000,370.360000,920.831102,363.062442,925.370000,389.520000,408.990000,481.600000
905.000000,385.400000,988.800000,382.660000,975.120000,352.900000,975.460000,370.860000,921.856079,362.037465,926.210000,390.060000,409.010000,482.540000
905.470000,386.210000,989.040000,383.780000,974.970000,353.890000,975.690000,371.120000,921.856079,363.062442,926.430000,390.690000,408.880000,483.420000
905.990000,386.300000,989.010000,384.490000,975.010000,354.840000,976.170000,371.210000,920.831102,363.062442,926.700000,391.090000,408.910000,483.580000
905.990000,386.580000,989.480000,384.640000,977.204815,354.862629,976.630000,371.050000,924.931008,361.012488,926.840000,391.790000,408.920000,484.460000
906.050000,387.440000,989.920000,385.080000,976.179839,355.887605,977.140000,371.110000,923.906032,364.087418,926.140000,392.170000,408.970000,484.310000
906.010000,387.980000,990.050000,385.440000,979.254769,355.887605,976.670000,373.050000,924.931008,363.062442,925.850000,392.780000,408.980000,484.280000
905.990000,388.740000,990.010000,385.720000,977.204815,354.862629,977.260000,373.590000,926.980962,363.062442,926.570000,393.260000,409.050000,484.320000
906.060000,389.630000,990.580000,386.530000,979.254769,355.887605,977.730000,374.170000,926.980962,364.087418,926.930000,393.870000,408.840000,485.910000
906.040000,390.280000,991.510000,386.730000,978.229792,355.887605,977.490000,374.630000,928.005938,365.112395,926.680000,394.150000,408.880000,486.550000
907.450000,390.040000,992.020000,387.230000,978.229792,355.887605,977.110000,375.120000,929.030915,365.112395,927.200000,394.160000,408.880000,487.100000
908.910000,390.350000,992.870000,387.210000,979.254769,355.887605,977.520000,375.530000,930.055891,366.137371,927.690000,393.970000,406.970000,487.100000
909.400000,390.490000,993.350000,386.990000,980.279745,354.862629,978.080000,375.620000,931.080868,366.137371,927.210000,394.160000,405.670000,487.180000
909.420000,390.980000,993.350000,386.930000,980.279745,356.912582,978.470000,375.980000,933.130821,367.162348,927.140000,394.130000,404.650000,487.130000
909.870000,390.760000,993.550000,387.200000,980.279745,355.887605,978.450000,375.510000,933.130821,367.162348,927.180000,394.160000,405.670000,487.160000
910.070000,391.360000,994.050000,387.150000,981.304722,355.887605,978.750000,375.560000,931.080868,367.162348,927.320000,394.710000,405.950000,487.250000
910.000000,391.290000,994.080000,387.680000,981.304722,354.862629,979.130000,376.110000,932.105845,367.162348,927.700000,395.210000,405.440000,487.630000
910.060000,391.380000,994.070000,388.410000,981.304722,355.887605,978.950000,376.690000,931.080868,368.187325,927.970000,395.740000,404.940000,488.110000
910.020000,392.350000,993.980000,388.570000,982.329698,356.912582,979.100000,377.260000,931.080868,368.187325,928.200000,396.170000,404.150000,488.740000
909.960000,392.590000,994.080000,389.270000,980.279745,357.937558,978.980000,377.300000,928.005938,370.237278,927.930000,396.820000,403.210000,489.240000
910.010000,393.190000,993.910000,389.530000,981.304722,357.937558,979.070000,377.600000,926.980962,370.237278,928.710000,396.610000,404.670000,489.170000
910.030000,393.350000,994.540000,390.250000,981.304722,357.937558,979.140000,378.240000,925.955985,370.237278,929.250000,397.160000,405.540000,489.060000
910.010000,393.450000,994.920000,390.550000,983.354675,355.887605,978.950000,378.680000,926.980962,370.237278,929.090000,397.690000,404.500000,489.950000
910.000000,393.040000,994.990000,390.510000,981.304722,357.937558,979.010000,379.000000,926.980962,373.312208,930.120000,397.040000,404.330000,490.340000
910.010000,393.020000,994.990000,390.510000,983.354675,357.937558,979.000000,379.000000,924.931008,370.237278,930.580000,396.830000,403.880000,490.240000
909.990000,393.010000,994.980000,390.480000,982.329698,357.937558,979.010000,379.000000,924.931008,370.237278,931.000000,397.000000,403.170000,490.010000
910.010000,393.030000,994.940000,389.930000,982.329698,358.962535,979.000000,379.000000,924.931008,371.262254,930.990000,397.010000,402.830000,489.990000
910.010000,393.010000,994.460000,389.760000,982.329698,357.937558,979.000000,379.000000,924.931008,371.262254,930.990000,397.020000,402.130000,489.960000
910.020000,393.020000,994.460000,389.930000,981.304722,359.987512,979.000000,379.000000,924.931008,371.262254,930.490000,397.020000,401.350000,490.090000
909.980000,393.010000,994.930000,389.940000,981.304722,359.987512,978.980000,378.970000,926.980962,371.262254,929.920000,396.960000,400.800000,489.880000
910.000000,393.480000,994.950000,389.920000,981.304722,359.987512,978.980000,378.970000,929.030915,369.212301,929.350000,397.240000,401.180000,489.320000
909.940000,393.050000,994.850000,389.900000,980.279745,358.962535,979.480000,378.470000,929.030915,370.237278,929.430000,396.970000,400.930000,488.970000
910.000000,393.010000,994.950000,389.990000,979.740000,358.440000,979.420000,377.910000,928.005938,371.262254,928.910000,396.940000,400.850000,488.860000
910.060000,393.250000,995.000000,390.090000,981.304722,357.937558,979.190000,377.680000,930.055891,371.262254,928.980000,397.080000,399.950000,489.040000
910.030000,393.130000,994.980000,390.040000,981.620000,357.430000,979.230000,378.160000,933.130821,371.262254,929.060000,397.100000,399.200000,489.460000
910.040000,393.200000,995.480000,390.130000,982.329698,358.962535,979.120000,378.080000,933.130821,371.262254,928.990000,397.070000,398.210000,489.200000
910.570000,394.380000,995.520000,389.970000,982.710000,359.260000,980.090000,378.030000,935.180774,371.262254,929.180000,397.140000,397.190000,488.940000
911.030000,394.340000,995.970000,390.110000,982.329698,358.962535,980.660000,377.970000,933.130821,371.262254,929.180000,397.180000,398.780000,489.160000
910.990000,394.610000,996.000000,390.200000,982.040000,359.050000,980.590000,378.600000,935.180774,371.262254,929.740000,398.330000,399.100000,489.090000
911.050000,395.300000,995.950000,390.330000,984.379652,362.037465,981.160000,379.130000,931.080868,372.287231,929.830000,398.700000,399.650000,489.140000
911.000000,395.340000,995.900000,390.740000,983.354675,359.987512,980.279745,376.387137,932.105845,372.287231,930.200000,399.170000,399.410000,489.570000
911.520000,395.880000,995.490000,391.210000,983.060000,359.730000,981.304722,377.412114,932.105845,372.287231,930.120000,399.570000,399.000000,490.110000
912.010000,396.190000,997.830000,390.590000,983.354675,357.937558,982.329698,376.387137,932.105845,372.287231,930.690000,399.660000,398.800000,490.330000
911.940000,396.050000,997.480000,390.580000,NaN,NaN,981.304722,375.362161,931.080868,372.287231,930.980000,400.010000,397.150000,490.270000
911.950000,395.960000,997.170000,390.620000,984.379652,358.962535,981.304722,377.412114,931.080868,372.287231,930.980000,399.480000,396.160000,489.990000
911.910000,395.930000,996.830000,390.500000,983.354675,359.987512,980.279745,376.387137,930.055891,372.287231,930.980000,398.970000,395.550000,489.410000
911.950000,395.930000,996.850000,390.450000,985.404628,357.937558,981.304722,378.437091,930.055891,372.287231,931.130000,399.150000,394.540000,489.860000
911.960000,395.930000,996.910000,390.470000,984.379652,359.987512,980.279745,377.412114,925.955985,374.337184,930.990000,398.960000,394.250000,489.880000
911.990000,396.020000,996.880000,390.030000,985.404628,358.962535,979.254769,377.412114,923.906032,374.337184,930.990000,399.010000,393.820000,490.000000
911.970000,396.030000,996.880000,390.110000,986.429605,358.962535,980.279745,378.437091,925.955985,374.337184,931.110000,399.040000,393.760000,489.400000
912.010000,396.070000,996.940000,390.020000,985.404628,358.962535,980.279745,377.412114,924.931008,375.362161,931.120000,399.040000,393.910000,488.950000
911.990000,395.940000,996.690000,389.910000,985.404628,357.937558,980.279745,377.412114,923.906032,375.362161,931.470000,398.990000,393.920000,488.590000
912.010000,396.000000,996.810000,389.970000,984.379652,362.037465,980.279745,378.437091,924.090000,374.920000,931.210000,398.910000,392.820000,488.730000
911.970000,395.950000,996.810000,389.930000,984.379652,358.962535,979.254769,377.412114,924.830000,374.800000,930.980000,398.980000,392.260000,488.890000
912.010000,396.070000,996.900000,389.940000,983.354675,363.062442,981.304722,377.412114,926.120000,374.830000,931.990000,399.030000,391.860000,488.970000
912.040000,396.160000,996.900000,390.050000,983.354675,358.962535,981.304722,376.387137,925.955985,375.362161,931.660000,398.960000,390.680000,488.980000
912.010000,396.000000,996.890000,389.860000,984.379652,359.987512,980.279745,377.412114,923.906032,375.362161,932.000000,399.010000,390.230000,488.490000
912.080000,396.070000,997.050000,389.950000,985.404628,359.987512,980.000000,377.610000,926.980962,375.362161,931.510000,399.040000,390.000000,487.980000
911.980000,395.970000,997.070000,389.790000,985.404628,359.987512,980.150000,378.020000,924.931008,375.362161,931.280000,399.100000,390.900000,488.180000
912.040000,396.000000,997.070000,389.870000,986.429605,361.012488,980.140000,378.030000,925.955985,375.362161,931.000000,399.000000,391.760000,487.870000
912.010000,396.010000,997.470000,389.450000,982.329698,362.037465,980.070000,378.010000,928.005938,375.362161,930.920000,399.480000,392.710000,487.910000
912.030000,396.040000,997.490000,388.910000,NaN,NaN,980.150000,378.020000,929.030915,375.362161,930.730000,399.520000,390.750000,487.910000
911.980000,395.970000,997.280000,388.630000,984.379652,357.937558,980.490000,378.000000,928.005938,373.312208,930.820000,399.930000,390.270000,487.930000
912.520000,396.010000,997.530000,388.270000,983.354675,358.962535,980.330000,377.930000,929.030915,373.312208,931.040000,399.520000,389.900000,487.900000
913.030000,396.030000,998.060000,387.820000,984.379652,361.012488,980.520000,377.970000,931.080868,373.312208,931.270000,399.620000,389.300000,487.920000
913.830000,395.710000,999.620000,387.650000,984.379652,358.962535,981.020000,377.970000,931.080868,374.337184,931.050000,400.020000,388.880000,486.870000
914.450000,395.900000,1000.140000,387.700000,984.379652,359.987512,981.560000,377.950000,931.080868,374.337184,931.540000,399.480000,388.280000,486.940000
914.930000,395.360000,999.620000,387.970000,983.990000,359.890000,981.960000,377.350000,929.700000,374.680000,932.030000,398.990000,387.890000,486.410000
915.000000,394.990000,999.640000,387.930000,984.160000,360.010000,982.120000,377.020000,930.055891,371.262254,932.220000,399.050000,387.270000,485.940000
914.500000,395.490000,1000.080000,388.100000,984.040000,359.970000,982.030000,376.980000,NaN,NaN,932.050000,398.990000,387.970000,486.270000
914.100000,395.300000,999.990000,388.010000,984.110000,360.020000,982.020000,376.980000,929.030915,372.287231,932.560000,398.980000,387.880000,485.900000
914.000000,394.690000,999.890000,387.790000,983.990000,359.920000,982.020000,377.000000,927.550000,372.760000,933.060000,398.970000,387.890000,485.780000
913.930000,394.910000,1000.000000,388.020000,984.030000,359.970000,982.500000,376.450000,930.055891,373.312208,932.670000,398.860000,387.280000,485.420000
914.000000,394.810000,999.850000,387.830000,984.040000,359.970000,983.020000,375.960000,929.030915,373.312208,933.120000,398.530000,385.900000,484.810000
913.920000,394.780000,999.940000,387.440000,984.030000,359.970000,984.379652,375.362161,930.055891,373.312208,933.240000,398.540000,385.180000,484.710000
913.960000,394.840000,999.940000,386.780000,984.020000,359.940000,984.379652,372.287231,929.030915,374.337184,933.250000,398.020000,384.640000,484.330000
914.450000,393.810000,1000.080000,386.710000,984.030000,359.960000,984.379652,374.337184,930.055891,373.312208,933.520000,397.960000,384.270000,483.940000
914.900000,393.880000,1000.010000,386.780000,984.030000,359.950000,983.354675,374.337184,928.005938,372.287231,934.010000,397.900000,383.840000,484.250000
915.010000,393.920000,1000.180000,386.810000,984.100000,359.930000,983.354675,374.337184,929.030915,374.337184,933.930000,397.400000,384.300000,483.900000
914.950000,393.840000,1000.060000,386.780000,984.130000,359.910000,985.404628,374.337184,930.055891,373.312208,934.050000,396.920000,384.210000,483.750000
914.980000,392.790000,1000.610000,385.820000,984.030000,359.960000,985.404628,373.312208,929.030915,373.312208,934.060000,396.420000,383.940000,483.270000
915.030000,393.080000,1001.670000,385.410000,984.120000,359.970000,983.354675,372.287231,929.030915,373.312208,934.070000,396.550000,383.910000,482.830000
914.930000,392.660000,1002.430000,384.640000,984.020000,359.900000,985.404628,373.312208,932.105845,371.262254,933.710000,396.770000,382.940000,482.480000
914.980000,392.660000,1002.060000,384.710000,984.060000,359.930000,985.404628,373.312208,930.055891,372.287231,933.400000,396.460000,383.230000,481.850000
914.960000,392.280000,1002.490000,384.340000,984.040000,359.890000,984.379652,373.312208,931.080868,371.262254,933.330000,395.810000,382.840000,481.900000
914.940000,391.620000,1002.510000,383.740000,984.040000,359.840000,985.404628,372.287231,931.080868,371.262254,933.030000,395.280000,382.880000,481.770000
913.980000,391.800000,1003.000000,383.740000,984.080000,359.910000,985.404628,372.287231,930.055891,371.262254,932.850000,394.830000,381.810000,481.220000
913.640000,391.040000,1002.970000,383.860000,984.010000,359.850000,984.379652,371.262254,930.055891,370.237278,933.120000,394.400000,381.380000,480.970000
913.140000,391.030000,1002.980000,383.930000,984.020000,359.860000,984.379652,371.262254,931.080868,372.287231,931.770000,393.830000,381.380000,480.800000
912.970000,390.850000,1002.940000,382.780000,988.479558,352.812675,985.404628,370.237278,931.080868,370.237278,931.820000,393.720000,380.760000,480.140000
912.970000,390.320000,1002.970000,382.890000,987.454581,355.887605,985.404628,371.262254,930.055891,370.237278,931.980000,393.890000,380.250000,479.920000
913.040000,389.700000,1002.920000,382.800000,986.980000,356.630000,986.429605,370.237278,930.055891,370.237278,932.410000,393.280000,380.420000,479.120000
912.960000,389.680000,1003.910000,382.280000,986.990000,357.330000,986.429605,369.212301,931.080868,369.212301,932.310000,392.740000,379.410000,478.330000
912.960000,389.360000,1004.010000,381.710000,987.030000,357.410000,986.429605,369.212301,932.105845,366.137371,932.810000,392.610000,379.950000,478.310000
913.000000,388.820000,1004.020000,381.670000,987.040000,357.280000,986.429605,369.212301,930.055891,367.162348,933.550000,392.420000,380.470000,477.660000
912.940000,388.590000,1004.490000,381.360000,987.040000,356.890000,986.429605,369.212301,933.130821,366.137371,933.960000,391.880000,380.710000,477.480000
912.920000,388.310000,1004.750000,380.670000,987.000000,356.960000,986.429605,369.212301,930.055891,367.162348,934.390000,391.560000,380.440000,476.780000
913.010000,387.890000,1005.090000,380.910000,987.090000,356.990000,986.429605,369.212301,933.130821,367.162348,935.010000,391.150000,379.930000,477.060000
912.940000,387.890000,1005.040000,380.940000,987.040000,356.970000,986.429605,369.212301,933.130821,367.162348,935.020000,390.820000,379.830000,476.990000
912.980000,387.950000,1005.050000,381.000000,987.100000,356.990000,987.454581,368.187325,933.130821,367.162348,935.540000,390.440000,379.880000,476.930000
917.510000,387.400000,1005.050000,381.000000,987.100000,356.970000,986.429605,368.187325,933.130821,368.187325,936.090000,390.500000,379.560000,476.940000
918.790000,387.090000,1006.050000,380.500000,987.110000,356.980000,986.429605,368.187325,932.950000,368.370000,937.010000,390.200000,379.300000,476.920000
920.580000,386.050000,1006.900000,380.430000,987.090000,356.950000,986.429605,368.187325,933.220000,367.930000,936.950000,389.850000,379.420000,476.240000
919.360000,385.940000,1007.450000,379.410000,987.454581,353.837652,988.479558,366.137371,933.360000,367.720000,937.030000,389.950000,378.420000,475.690000
918.970000,385.820000,1007.440000,378.940000,989.504535,352.812675,989.504535,366.137371,933.940000,367.310000,937.590000,389.970000,378.460000,475.510000
918.300000,385.430000,1007.470000,378.750000,989.504535,353.837652,989.504535,365.112395,934.155798,368.187325,938.050000,389.440000,378.510000,475.400000
919.480000,385.480000,1007.890000,378.930000,990.529511,350.762722,989.504535,365.112395,933.130821,368.187325,938.110000,388.870000,378.960000,474.350000
919.300000,384.740000,1008.010000,378.410000,990.529511,353.837652,989.504535,365.112395,934.155798,368.187325,938.210000,388.400000,378.910000,473.840000
918.960000,385.010000,1008.020000,378.510000,991.554488,351.787699,990.529511,367.137371,932.105845,367.162348,937.950000,387.980000,378.450000,473.780000
918.940000,384.910000,1008.530000,378.470000,990.529511,352.812675,990.529511,366.587418,934.155798,367.162348,937.870000,387.930000,377.880000,473.910000
919.000000,384.990000,1009.020000,378.000000,992.579464,352.812675,991.100000,367.010000,932.105845,367.162348,938.000000,387.990000,377.370000,474.020000
918.940000,384.960000,1009.050000,378.030000,991.554488,352.812675,991.054488,366.562442,933.130821,367.162348,937.930000,387.940000,376.930000,473.990000
918.890000,384.980000,1008.980000,378.310000,992.579464,352.812675,990.579464,366.637371,933.130821,369.212301,937.950000,387.950000,377.070000,473.870000
919.450000,384.870000,1009.010000,377.940000,992.579464,352.812675,991.579464,366.637371,930.055891,367.162348,937.860000,387.910000,376.870000,473.920000
919.220000,384.480000,1008.990000,377.880000,992.579464,352.812675,991.970000,366.940000,932.105845,367.162348,936.910000,387.900000,376.400000,473.840000
919.270000,383.670000,1008.980000,377.840000,992.930000,352.900000,991.079464,366.637371,934.155798,368.187325,936.310000,388.070000,375.900000,473.350000
918.960000,383.850000,1008.980000,377.270000,993.010000,352.930000,991.579464,366.087418,934.155798,368.187325,935.990000,387.980000,375.170000,472.440000
918.950000,384.030000,1009.010000,377.030000,993.010000,353.010000,992.000000,365.990000,933.290000,367.570000,936.130000,388.030000,374.820000,472.540000
918.790000,384.020000,1009.010000,377.530000,993.010000,353.010000,991.554488,365.112395,936.205751,365.112395,936.070000,387.990000,374.150000,472.910000
918.890000,384.020000,1009.510000,377.030000,993.010000,353.010000,NaN,NaN,936.205751,365.112395,936.040000,387.990000,374.910000,473.480000
919.020000,384.010000,1010.000000,377.000000,993.070000,353.040000,991.554488,364.087418,934.155798,365.112395,937.590000,387.510000,374.900000,473.240000
918.990000,383.970000,1010.050000,377.120000,993.030000,353.030000,991.479558,366.087418,935.180774,362.037465,939.040000,387.360000,374.940000,472.990000
918.990000,383.970000,1010.030000,377.110000,997.704348,348.712769,992.079464,366.062442,934.155798,365.112395,939.040000,386.890000,374.930000,473.000000
919.080000,384.230000,1010.550000,377.300000,NaN,NaN,992.604441,366.587418,937.230728,364.087418,939.310000,386.940000,374.980000,473.060000
919.010000,384.020000,1011.030000,377.140000,995.654394,349.737746,991.554488,365.112395,936.205751,367.162348,939.740000,386.880000,375.010000,473.000000
918.940000,383.980000,1011.980000,376.940000,995.654394,349.737746,NaN,NaN,936.205751,365.112395,940.280000,387.140000,374.500000,473.010000
918.980000,384.150000,1012.930000,376.900000,994.629418,350.762722,992.579464,365.112395,937.230728,366.137371,940.780000,386.960000,374.260000,473.170000
919.040000,384.040000,1012.820000,377.370000,995.654394,350.762722,993.604441,366.137371,938.255704,365.112395,941.170000,387.060000,374.000000,473.000000
920.010000,384.120000,1012.640000,377.730000,996.250000,351.050000,NaN,NaN,937.230728,365.112395,941.780000,386.950000,374.460000,473.600000
920.560000,384.020000,1013.060000,378.250000,996.750000,351.060000,994.629418,365.112395,937.230728,366.137371,942.180000,387.150000,374.670000,474.040000
925.000000,383.550000,1013.550000,378.150000,997.110000,351.010000,994.629418,367.112395,940.305658,365.112395,942.640000,386.890000,374.970000,474.000000
929.020000,382.280000,1014.050000,377.590000,997.560000,351.020000,996.679371,365.112395,939.280681,367.162348,942.560000,387.030000,374.470000,474.500000
928.980000,383.100000,1014.880000,377.780000,998.130000,351.020000,994.629418,368.187325,940.305658,366.137371,943.070000,387.030000,373.970000,475.000000
929.810000,382.670000,1014.810000,377.710000,998.540000,351.040000,995.654394,366.137371,942.355611,361.012488,942.990000,386.990000,373.490000,475.030000
929.910000,382.510000,1015.040000,377.950000,999.120000,350.950000,994.629418,367.162348,941.330634,362.037465,942.970000,386.950000,372.980000,474.360000
929.520000,382.400000,1015.070000,377.910000,999.700000,350.860000,995.654394,366.137371,944.405564,361.012488,942.950000,386.910000,373.760000,473.890000
928.980962,382.036997,1015.030000,377.980000,1000.060000,350.990000,995.654394,367.162348,941.330634,365.112395,942.980000,386.460000,374.010000,473.680000
928.005938,383.561974,1015.000000,378.000000,1000.000000,351.000000,996.679371,367.162348,940.305658,365.112395,943.000000,386.000000,374.020000,473.820000
930.055891,381.512020,1015.000000,378.000000,1000.000000,351.000000,996.679371,367.162348,943.380587,363.062442,943.000000,386.000000,373.500000,474.000000
931.080868,381.512020,1015.000000,378.000000,1000.000000,351.000000,996.679371,367.162348,941.330634,362.037465,943.000000,386.000000,373.440000,474.040000
930.055891,382.536997,1015.000000,378.000000,1000.000000,351.000000,996.679371,367.162348,939.280681,366.137371,943.000000,386.000000,373.000000,474.000000
930.055891,381.512020,1015.000000,378.000000,1000.000000,351.000000,996.679371,367.162348,942.355611,364.087418,943.000000,386.000000,373.000000,474.000000
929.030915,380.487044,1015.000000,378.000000,1000.000000,351.000000,997.000000,367.000000,942.200000,363.750000,943.000000,386.000000,374.000000,474.000000
